CREATE DATABASE DB_KOTEAR;
--Usuario de Portal Web
CREATE TABLE KO_TIPO_USUARIO(
       ID INTEGER NOT NULL,
       DES VARCHAR(50) NOT NULL,
       CONSTRAINT KO_PK_TIPO_USUARIO PRIMARY KEY(ID)
);

CREATE TABLE KO_TIPO_SUSPENSION(
       ID INTEGER NOT NULL,
       DES VARCHAR(50) NOT NULL,
       CONSTRAINT KO_PK_TIPO_SUSPENSION PRIMARY KEY(ID)
); 

CREATE TABLE KO_TIPO_REGLA(
	ID INTEGER NOT NULL,
	DES VARCHAR(50) NOT NULL,
    CONSTRAINT KO_PK_TIPO_REGLA PRIMARY KEY(ID)
);

CREATE TABLE KO_TIPO_REACTIVACION(
	ID INTEGER NOT NULL,
	DES VARCHAR(50) NULL,
    CONSTRAINT KO_PK_TIPO_REACTIVACION PRIMARY KEY(ID)
);

CREATE TABLE KO_TIPO_PRODUCTO(
	ID INTEGER NOT NULL,
	DES VARCHAR(20) NOT NULL,
    CONSTRAINT KO_PK_TIPO_PRODUCTO PRIMARY KEY(ID)
);--SI EN NUEVO O USADO

CREATE TABLE KO_TIPO_NOTIFICACION(
	ID INTEGER NOT NULL,
	DES VARCHAR(40) NOT NULL,
    CONSTRAINT KO_PK_TIPO_NOTIFICACION PRIMARY KEY(ID)
);

CREATE TABLE KO_TIPO_MOTIVO(
	ID INTEGER NOT NULL,
	DES VARCHAR(30) NOT NULL,
    CONSTRAINT KO_PK_TIPO_MOTIVO PRIMARY KEY(ID)
);

CREATE TABLE KO_TIPO_MODULO(
	ID INTEGER NOT NULL,
    COD CHAR(10) NULL, --CODIGO ANTERIOR
	DES VARCHAR(10) NOT NULL,
    CONSTRAINT KO_PK_TIPO_MODULO PRIMARY KEY(ID)
);

CREATE TABLE KO_TIPO_MENSAJE(
	ID INTEGER NOT NULL,
	DES VARCHAR(50) NOT NULL,
 CONSTRAINT KO_PK_TIPO_MENSAJE PRIMARY KEY(ID)
);

CREATE TABLE KO_TIPO_DOC(
	ID INTEGER NOT NULL,
	DES_CORTA VARCHAR(10) NOT NULL,
	DES_LARGA VARCHAR(30) NOT NULL,
 CONSTRAINT KO_PK_TIPO_DOC PRIMARY KEY(ID)
);

CREATE TABLE KO_TIPO_DESTAQUE(
	ID INTEGER NOT NULL,
	DES VARCHAR(30) NOT NULL,
    CONSTRAINT KO_PK_TIPO_DESTAQUE PRIMARY KEY(ID)
);

CREATE TABLE KO_TIPO_CATEGORIA(
	ID INTEGER NOT NULL,
	DES VARCHAR(50) NOT NULL,
    CONSTRAINT KO_PK_TIPO_CATEGORIA PRIMARY KEY(ID)
);

CREATE TABLE KO_TIPO_CAMBIO(
	ID BIGINT NOT NULL,
	FEC_INI DATE NOT NULL, --O DATE
	FEC_FIN DATE, --O DATE
	VAL DECIMAL(10,2) NULL, --VALOR
	USR_CREA VARCHAR(30) NULL,
	USR_MOD VARCHAR(30) NULL,
	FEC_REG DATETIME NULL,
	FEC_MOD DATETIME NULL,
	FLAG CHAR(2) NULL,
    CONSTRAINT KO_PK_TIPO_CAMBIO PRIMARY KEY(ID)
);

CREATE TABLE KO_TIPO_AVISO(
	ID INTEGER NOT NULL,
	DES VARCHAR(30) NOT NULL,
    CONSTRAINT KO_PK_TIPO_AVISO PRIMARY KEY(ID)
);

CREATE TABLE KO_TIPO_APROBACION(
	ID INTEGER NOT NULL,
	DES VARCHAR(20) NOT NULL,
    CONSTRAINT KO_PK_TIPO_APROBACION PRIMARY KEY(ID)
);

CREATE TABLE KO_UBIGEO(
	ID CHAR(6) NOT NULL,
	COD_DPTO CHAR(4) NULL,
	COD_PROV CHAR(2) NULL,
	NOM VARCHAR(30) NULL,
    CONSTRAINT PK_UBIGEO PRIMARY KEY(ID)
);

CREATE TABLE KO_ASUNTO(
	ID INTEGER NOT NULL,
	DES VARCHAR(50) NOT NULL,
    CONSTRAINT KO_PK_ASUNTO PRIMARY KEY(ID)
);

CREATE TABLE KO_TAGS(
	ID VARCHAR(32) NOT NULL,
	FEC_REG DATE NULL,
    CONSTRAINT KO_PK_CLAVE PRIMARY KEY(ID)
);

CREATE TABLE KO_MEDIO_PAGO(
	ID INTEGER NOT NULL,
	TIT VARCHAR(50) NOT NULL,
	DES VARCHAR(50) NOT NULL,
	USR_CREA VARCHAR(30) NULL,
	FEC_CREA DATETIME NULL,
    CONSTRAINT KO_PK_MEDIO_PAGO PRIMARY KEY(ID)
);

CREATE TABLE KO_ESTILO(
	ID INTEGER NOT NULL,
	DES VARCHAR(20) NOT NULL,
    CONSTRAINT KO_ESTILO PRIMARY KEY(ID)
);

CREATE TABLE KO_ESTADO_TRANS(
	ID INTEGER NOT NULL,
	DES VARCHAR(20) NOT NULL,
    CONSTRAINT KO_PK_ESTADO_TRANS PRIMARY KEY(ID)
);

CREATE TABLE KO_ESCALA(
	ID INTEGER NOT NULL,
	DES CHAR(10) NOT NULL,
	VAL_ESCALA INTEGER NULL,
    CONSTRAINT KO_PK_ESCALA PRIMARY KEY(ID)
);

CREATE TABLE KO_AVISO(
	ID BIGINT NOT NULL,
	TIT VARCHAR(50) NOT NULL,
	STOCK INTEGER NOT NULL,
	FEC_PUB DATETIME NULL,
	FECH_ULT_MOD DATETIME NULL,
	FECH_REG DATETIME NULL,
	PREC DECIMAL(10, 2) NULL,
	TIPO_AVISO_ID INTEGER NULL,
	TIPO_PRODUCTO INTEGER NULL,
	PERIODO_ID INTEGER NULL,
	MADURACION_ID INTEGER NULL,
	MONEDA_ID INTEGER NULL,
	USUARIO_ID BIGINT NULL,
	CALIFICACION_ID BIGINTEGER NULL,
	HTML VARCHAR(50) NULL, --DESCRIPCION EN HTML
	IMG_DEF VARCHAR(50) NULL,
	EST CHAR(10) NULL,
	URL VARCHAR(200) NULL, --URL DE HTML
    CONSTRAINT KO_PK_AVISO PRIMARY KEY(ID)
);

CREATE TABLE KO_MONEDA(
	ID INTEGER NOT NULL,
	DES VARCHAR(20) NOT NULL,
	DES_LARGA VARCHAR(30) NULL,
	SIM VARCHAR(5) NULL,
    CONSTRAINT KO_PK_MONEDA PRIMARY KEY(ID)
);

CREATE TABLE KO_PERIODO(
	ID INTEGER NOT NULL,
	DES VARCHAR(20) NOT NULL,
    CONSTRAINT KO_PK_PERIODO PRIMARY KEY(ID)
);

CREATE TABLE KO_PARAMETRO_GRUPO(
	ID VARCHAR(4) NOT NULL,
	DES VARCHAR(255) NOT NULL,
    CONSTRAINT KO_PK_PARAMETRO_GRUPO PRIMARY KEY(ID)
);

CREATE TABLE KO_PROPIEDAD(
	ID INTEGER NOT NULL,
	PROPIEDAD_COD CHAR(10) NULL,
	DES CHAR(10) NULL,
	VAL CHAR(10) NULL,
    CONSTRAINT KO_PK_PROPIEDAD PRIMARY KEY(ID)
);



CREATE TABLE KO_SESSION(
	ID CHAR(32) NOT NULL,
	MODI INTEGER NULL,
	LIFE INTEGER NULL,
    USR_ID BIGINT NULL,
	DATA TEXT NULL,
    CONSTRAINT KO_PK_SESSION PRIMARY KEY(ID)
);

CREATE TABLE KO_TEXTO(
	ID INTEGER NOT NULL,
	EXP VARCHAR(100) NULL,
	EST BIT NULL,
	TIPO_PALABRA_ID INTEGER NULL,
    CONSTRAINT KO_PK_TEXTO PRIMARY KEY(ID)
);

CREATE TABLE KO_REGLA(
	ID INTEGER NOT NULL,
	DES VARCHAR(50) NOT_NULL,
	PRIORIDAD INTEGER NULL,
	EST BIT NULL,
	TIPO_REGLA_ID INTEGER NULL,
	TIPO_SUSPENSION_ID INTEGER NULL,
	TIPO_REACTIVACION_ID INTEGER NULL,
    CONSTRAINT KO_PK_REGLA PRIMARY KEY(ID)
);

CREATE TABLE KO_PARAMETRO(
	ID INTEGER NOT NULL,
	PARAMETRO_GRUPO_ID VARCHAR(4) NOT NULL,
	VALOR VARCHAR(4) NULL,
	TEXTO VARCHAR(100) NULL,
	DES VARCHAR(255) NULL,
     CONSTRAINT KO_PK_PARAMETRO_PK PRIMARY KEY(ID)
);

CREATE TABLE KO_DESTAQUE(
	ID BIGINT NOT NULL,
	DESTAQUE_COD CHAR(10) NULL,
	TIT VARCHAR(50) NULL,
	DES VARCHAR(50) NULL,
	PRIORIDAD INTEGER NULL,
	MONTO DECIMAL(10, 2) NULL,
	VIS CHAR(2) NULL, --VISIBLE
	FOTO CHAR(2) NULL,
	EST CHAR(2) NULL,
	MONTOSINIMPUESTO DECIMAL(10, 2) NULL,
	URL VARCHAR(100) NULL,
	TIPO_DESTAQUE_ID INTEGER NULL,
	ESTILO_ID INTEGER NULL,
    CONSTRAINT KO_PK_DESTAQUE PRIMARY KEY(ID)
);

CREATE TABLE KO_MODULO(
	ID INTEGER NOT NULL,
	TIT VARCHAR(50) NULL,
	COD VARCHAR(10) NULL,
	EST BIT NULL,
	TIPO_MODULO_ID INTEGER NULL,
	HTML VARCHAR(300) NULL,
    CONSTRAINT KO_PK_MODULO PRIMARY KEY(ID)
);

CREATE TABLE KO_CATEGORIA(
	ID INTEGER NOT NULL,
	TIT VARCHAR(50) NULL,
	DES VARCHAR(50) NULL,
	FEC_CREA DATETIME NULL,
	FEC_MOD DATETIME NULL,
	USR_CREA VARCHAR(30) NULL,
	USR_MOD VARCHAR(30) NULL,
	APTA_DESTAQUE BIT NULL,
	PADRE_ID INTEGER NULL,
	TIPO_CATEGORIA_ID INTEGER NULL,
	NIVEL INTEGER NULL,
	TIPIFICADO BIT NULL,
	VISUALIZA BIT NULL,
	ADULTO BIT NULL,
	VISUALIZAHOME BIT NULL,
	EST VARCHAR(2) NULL,
    CONSTRAINT KO_PK_CATEGORIA PRIMARY KEY(ID)
);
CREATE TABLE KO_DURACION(
	ID INTEGER NOT NULL,
	DES VARCHAR(10) NULL,
	TIPO_AVISO_ID INTEGER NULL,
    CONSTRAINT KO_PK_DURACION PRIMARY KEY(ID)
);

CREATE TABLE KO_DETALLE_REGLA(
	ID INTEGER NOT NULL,
	DES VARCHAR(100) NULL,
	FLAG CHAR(10) NULL,
	EST CHAR(10) NULL,
	FEC_REG DATETIME NULL,
	REGLA_ID INTEGER NULL,
    CONSTRAINT KO_PK_DETALLE_REGLA PRIMARY KEY(ID)
);

CREATE TABLE KO_ITEM(
	ID INTEGER NOT NULL,
	DES VARCHAR(50) NULL,
	PRIO INTEGER NULL, --PRIORIDAD
	LINK VARCHAR(100) NULL,
	ORDEN INTEGER NULL,
	EST BIT NULL,
	IMG VARCHAR(50) NULL,
	MODULO_ID INTEGER NULL,
	FEC_CREA DATETIME NULL,
	USR_CREA VARCHAR(30) NULL,
	PRECIO DECIMAL(10, 2) NULL,
    CONSTRAINT KO_PK_ITEM PRIMARY KEY(ID)
);

CREATE TABLE KO_MODULO_AVISO(
	ID INTEGER NOT NULL,
	AVISO_ID BIGINTEGER NULL,
	MODULO_ID INTEGER NULL,
	COLOCADO BIT NULL,
	EST BIT NULL,
    CONSTRAINT KO_PK_MODULO_AVISO_PK PRIMARY KEY(ID)
);

CREATE TABLE KO_MOTIVO(
	ID INTEGER NOT NULL,
	TIT VARCHAR(50) NULL,
	FEC_CREA DATETIME NULL,
	FEC_MOD DATETIME NULL,
	USR_CREA VARCHAR(30) NULL,
	USR_MOD VARCHAR(30) NULL,
	EST CHAR(2) NULL,
	TIPO_MOTIVO_ID INTEGER NULL,
	REGLA_ID INTEGER NULL,
    CONSTRAINT KO_PK_MOTIVO PRIMARY KEY(ID)
);

CREATE TABLE KO_PROPIEDAD_REGLA(
	ID INTEGER NOT NULL,
	PROPIEDAD_REGLA_COD CHAR(10) NULL,
	PROPIEDAD_ID INTEGER NULL,
	REGLA_ID INTEGER NULL,
    CONSTRAINT KO_PK_PROPIEDAD_REGLA PRIMARY KEY(ID)
);

CREATE TABLE KO_ESTADO_USUARIO(
       ID INTEGER NOT NULL,
       NOM VARCHAR(20) NOT NULL,
       CONSTRAINT KO_PK_ESTADO_USUARIO PRIMARY KEY(ID)
);
INSERT INTO KO_ESTADO_USUARIO(ID,NOM) VALUES(98, 'DADO DE BAJA');
INSERT INTO KO_ESTADO_USUARIO(ID,NOM) VALUES(99, 'SUSPENDIDO');
INSERT INTO KO_ESTADO_USUARIO(ID,NOM) VALUES(100, 'PENDIENTE DE CONFIRMACION');
INSERT INTO KO_ESTADO_USUARIO(ID,NOM) VALUES(101, 'VALIDADO E-MAIL');

CREATE TABLE KO_USUARIO(
	ID BIGINT BIGINT INTEGER, --AUTOINCREMENTAL IDENTITY
	APODO VARCHAR(20) NOT NULL, --20
    PASSWORD VARCHAR(12) NULL, --4-12
	EMAIL VARCHAR(50) NOT NULL,
	NOM VARCHAR(40) NOT NULL,
	APEL VARCHAR(50) NOT NULL,
	UBIGEO_ID CHAR(6) NULL, --CODIGOS INTERNACIONALES
	TIPO_DOCUMENTO_ID CHAR(2) NULL, -- CODIGOS INTERNACIONALES
	NRO_DOC VARCHAR(20) NULL,
--	NOTIFICACION_ID INTEGER NULL,
	FLAG_CIERRE BIT NULL, --VERIFICAR
	FONO1 VARCHAR(15) NULL, --PREFIXO XXX-XXXXXXXXXX
	FONO2 VARCHAR(15) NULL,
	FONO1_ANEXO VARCHAR(4) NULL, --XXXX
    TIPO_ACCESO CHAR(1) NOT NULL ,--I P
    CONSTRAINT KO_PK_USUARIO PRIMARY KEY(ID)
);


CREATE TABLE KO_USUARIO_PORTAL(
	ID BIGINT NOT NULL,
	CONT_APERCIBIMIENTO INTEGER NULL, --# NOTIFICACIONES
	ACEPTA_PUB BIT DEFAULT 0, --ACEPTA PUBLICIDAD
	COD_CONF VARCHAR(20) NULL,--CODIGO DE CONFIRMACION
	FEC_REG DATETIME NULL, --FECHA DE REGISTRO
	TIPO_USUARIO_ID INTEGER NULL, --VENDEDOR -GRAN VENDEDOR
    ESTADO_ID INTEGER NOT NULL,
    CONSTRAINT KO_PK_USUARIO_PORTAL PRIMARY KEY(KO_USUARIO_PORTAL),
    CONSTRAINT KO_FK_USUARIO_PORTAL_USUARIO FOREIGN KEY(ID) REFERENCES KO_USUARIO(ID) ON UPDATE CASCADE ON DELETE CASCADE
);

CREATE TABLE KO_LOG_USUARIO_PORTAL(
       USUARIO_ID BIGINT NOT NULL,
       ID INTEGER NOT NULL,
       FEC DATETIME NOT NULL ,
       IP VARCHAR(15) NULL, 
       CONSTRAINT KO_PK_USUARIO_PORTAL PRIMARY KEY(USUARIO_ID,ID),
       CONSTRAINT KO_FK_LOG_USUARIO_PORTAL_USUARIO FOREIGN KEY(USUARIO_ID) REFERENCES KO_USUARIO(ID) ON UPDATE CASCADE ON DELETE CASCADE
);

CREATE TRIGGER KO_TG_USUARIO_PORTAL_BI FOR KO_LOG_USUARIO_PORTAL BEFORE INSERT 
AS BEGIN 
   SELECT MAX(ID)+1 FROM KO_LOG_USUARIO_PORTAL WHERE USUARIO_ID=NEW.USUARIO_ID
   INTO NEW.ID;
END

CREATE TABLE KO_NOTIFICACION(
    USUARIO_ID BIGINT NOT NULL,
	ID INTEGER NOT NULL, --CODIGO
	COM VARCHAR(50) NULL, --COMMENTARIO
	EST BIT DEFAULT 1 NULL,
	DUR INTEGER NULL, --DURACION
	FEC_CREA DATETIME NULL,
	FEC_MOD DATETIME NULL,
	USR_CREA VARCHAR(50) NULL,
	USR_MOD VARCHAR(50) NULL,
	TIPO_NOTIFICACION_ID INTEGER NULL,
	MOTIVO_ID INTEGER NULL,
    CONSTRAINT KO_PK_NOTIFICACION PRIMARY KEY(USUARIO_ID)
    CONSTRAINT kO_FK_NOTIFICACION_USUARIO FOREIGN KEY (USUARIO_ID) REFERENCES KO_USUARIO(ID) ON UPDATE CASCADE ON DELETE CASCADE
);


CREATE TABLE KO_USUARIO_INTRANET(
	ID INTEGER NOT NULL,
	USR_ID BIGINT NULL,
    CONSTRAINT KO_PK_USUARIO_INTRANET PRIMARY KEY(ID)
    
);

CREATE TABLE KO_AVISO(
	ID BIGINT NOT NULL,
	TITULO VARCHAR(50) NULL,
	STOCK INTEGER NULL,
	FEC_PUB DATETIME NULL,
	FEC_MOD DATETIME NULL,
	FEC_REG DATETIME NULL,
	PRECIO DECIMAL(10, 2) NULL,
	TIPO_AVISO_ID INTEGER NULL,
	TIPO_PRODUCTO_ID INTEGER NULL,
	PERIODO_ID INTEGER NULL,
	DURACION_ID INTEGER NULL,
	MONEDA_ID INTEGER NULL,
	USR_ID BIGINT NULL,
	CALIFICACION_ID BIGINT NULL,
	HTML TEXT NULL,
	VIS INTEGER NULL,
	IMG_DEF VARCHAR(50) NULL,
	EST CHAR(10) NULL,
	MODULO_AVISO_ID INTEGER NULL,
    CONSTRAINT KO_PK_AVISO PRIMARY KEY(ID)
);

CREATE TABLE KO_PROCEDENCIA_MODERACION(
	ID INTEGER NOT NULL,
	OBS VARCHAR(200) NULL,
	TEXTO_VALIDADO VARCHAR(100) NULL,
	FEC_REG DATETIME NULL,
	USUARIO_ID BIGINT NULL,
	TABLA_MODERADA_ID INTEGER NULL,
	REGISTRO_MODERADO_ID INTEGER NULL,
    CONSTRAINT KO_PK_PROCEDENCIA_MODERACION PRIMARY KEY(ID)
    CONSTRAINT KO_FK_PROCEDENCIA_MODERACION_USUARIO FOREIGN KEY (USUARIO_ID) REFERENCES KO_USUARIO(ID)
    CONSTRAINT KO_FK_PROCEDENCIA_MODERACION_TABLA_MODERADA FOREIGN KEY (TABLA_MODERADA_ID) REFERENCES KO_TABLA_MODERADA(ID)      

);

CREATE TABLE KO_TABLA_MODERADA(
	ID INTEGER NOT NULL,
	DES VARCHAR(50) NOT NULL,
	NOM_TABLA VARCHAR(50) NULL,
	NOM_CAMPOS VARCHAR(500) NULL,
    CONSTRAINT KO_PK_TABLA_MODERADA PRIMARY KEY(ID)
);

CREATE TABLE KO_SEGUIMIENTO(
	ID BIGINT NOT NULL,
--	SEGUIMIENTO_ID BIGINT NOT NULL,
	DES VARCHAR(50) NULL,
	USR VARCHAR(50) NULL,
	FEC_REG DATETIME NULL,
	EST BIT NULL,
    AVISO_ID
    CONSTRAINT KO_PK_SEGUIMIENTO PRIMARY KEY(ID)
    CONSTRAINT KO_FK_SEGUIMIENTO_AVISO FOREIGN KEY (AVISO_ID) REFERENCES KO_AVISO(ID)      

);

CREATE TABLE KO_OFERTA(
	AVISO_ID BIGINT NOT NULL,
    OFERTA_ID INTEGER NOT NULL,
	FEC_REG DATETIME NULL,
	CANT INTEGER NULL,
	PRECIO_BASE DECIMAL(10, 2) NULL,
	USR_ID BIGINT NULL,
	EST CHAR(10) NULL,
    CONSTRAINT KO_PK_OFERTA PRIMARY KEY(OFERTA_ID,AVISO_ID)
    CONSTRAINT KO_FK_OFERTA_AVISO FOREIGN KEY (AVISO_ID) REFERENCES KO_AVISO(ID)

      

);

CREATE TABLE KO_DENUNCIA(
	ID INTEGER NOT NULL,
	COM VARCHAR(500) NULL, --COMENTARIO
	EMAIL VARCHAR(30) NULL,
	NOM_DENUNCIANTE VARCHAR(50) NULL,
	AVISO_ID BIGINTEGER NULL,
	ASUNTO_ID INTEGER NULL,
	USR_CREA VARCHAR(30) NULL,
	FEC DATETIME NULL,
    CONSTRAINT KO_PK_DENUNCIA PRIMARY KEY(ID)
);

CREATE TABLE KO_FOTO(
	AVISO_ID BIGINT NOT NULL,
	ID INT NOT NULL,
	NOM VARCHAR(30) NULL,
	USR_MOD VARCHAR(30) NULL,
	USR_CREA VARCHAR(30) NULL,
	FEC_CREA DATETIME NULL,
	FEC_MOD DATETIME NULL,
	URL_BASE VARCHAR(50) NULL,
	PRIO INTEGER NULL,
    CONSTRAINT KO_PK_FOTO PRIMARY KEY(AVISO_ID,ID)
);

CREATE TABLE KO_AVISO_DESTAQUE(
    AVISO_ID BIGINT NOT NULL,
	ID INTEGER NOT NULL,
    CONSTRAINT KO_PK_AVISO_DESTAQUE PRIMARY KEY(AVISO_ID,ID)
);

CREATE TABLE KO_AVISO_CLAVE(
    AVISO_ID BIGINT NULL,
	ID INTEGER NOT NULL,
	CONT INTEGER NULL,
    CONSTRAINT KO_PK_AVISO_CLAVE PRIMARY KEY(AVISO_ID,ID)
);

CREATE TABLE KO_AVISO_CATEGORIA(
	AVISO_ID BIGINT NULL,
	CATEGORIA_ID INTEGER NULL,
    CONSTRAINT KO_PK_AVISO_CATEGORIA PRIMARY KEY(AVISO_ID,CATEGORIA_ID)
);

CREATE TABLE KO_TEXTO_PROC_MODERACION(
    PROCEDENCIA_MODERACION_ID INTEGER NOT NULL,
	TEXTO_ID INTEGER NOT NULL,
    CONSTRAINT KO_TEXTO_PROC_MODERACION_PK PRIMARY KEY(PROCEDENCIA_MODERACION_ID,TEXTO_ID)
);


CREATE TABLE KO_TRANSACCION_DESTAQUE(
	ID INTEGER NOT NULL,
	FEC_REG DATETIME NULL,
	COM VARCHAR(50) NULL, --comentario
	PRECIO DECIMAL(10, 2) NULL,
	EST CHAR(10) NULL,
	AVISO_ID BIGINTEGER NULL,
	MEDIO_PAGO_ID INTEGER NULL,
	FLAG_CIERRE BIT NULL,
    CONSTRAINT KO_PK_TRANSACCION_DESTAQUE PRIMARY KEY(ID)
);

CREATE TABLE KO_TRANSACCION(
	OFERTA_ID BIGINTEGER NOT NULL,
	ID BIGINTEGER NOT NULL,
	FEC_REG DATETIME NULL,
	COM VARCHAR(50) NULL,
	TIPO_CAMBIO_ID BIGINT NULL,
	EST INTEGER NULL,
	REGLA_COMPRADOR BIT NULL,
	REGLA_VENDEDOR BIT NULL,
	PRECIO DECIMAL(10, 2) NULL,
  	COMISION DECIMAL(10, 2) NULL,
  	FLAG_CIERRE BIT NULL,
    FECHA_CIERRE DATETIME,
    COMISION DECIMAL(10, 2) NULL,
    DES_CIERRE VARCHAR(50) NULL,
    CONSTRAINT KO_PK_TRANSACCION PRIMARY KEY(OFERTA_ID,ID)
);

CREATE TABLE KO_CALIFICACION(
	OFERTA_ID BIGINT NOT NULL,
	TRANSACCION_ID BIGINT NOT NULL,
	ID BIGINT NOT NULL,
	TIPO CHAR(2) NULL,
	FEC_REG DATETIME NULL,
	ESCALA_ID INTEGER NULL,
	USUARIO_ID BIGINT NULL,
    CONSTRAINT KO_PK_CALIFICACION PRIMARY KEY(OFERTA_ID,TRANSACCION_ID,ID)
);

--CREATE TABLE KO_CIERRE_TRANSACCION(
--  OFERTA_ID INTEGER NOT NULL,
--  TRANSACCION_ID BIGINT NOT NULL,
--  FEC DATETIME NULL,
--	DES VARCHAR(50) NULL,
--	COMISION DECIMAL(10, 2) NULL,
--	FLAG_CIERRE BIT NULL,
--  CONSTRAINT KO_PK_DETALLE_TRANSACCION PRIMARY KEY(OFERTA_ID,TRANSACCION_ID)
--);


CREATE TABLE KO_MENSAJE(
	AVISO_ID BIGINT NOT NULL,
	ID INTEGER IDENTITY(1,1) NOT NULL,
	FEC_CREA DATETIME NULL,
	USR_CREA VARCHAR(30) NULL,
	CALIFICACION_ID BIGINT NULL,
	TEXTO TEXT NULL,
    CONSTRAINT KO_PK_MENSAJE PRIMARY KEY(AVISO_ID,ID)
);

CREATE TABLE KO_DETALLE_MENSAJE(
    AVISO_ID BIGINT NOT NULL,
    MENSAJE_ID INTEGER NOT NULL,
    ID INTEGER
	USR_ID BIGINT NULL,
	TIPO_MENSAJE_ID INTEGER NULL,
	COM VARCHAR(50) NULL, --COMENTARIO
    CONSTRAINT KO_DETALLEMENSAJE_PK PRIMARY KEY(AVISO_ID,MENSAJE_ID,ID)
); 
END

ALTER TABLE CALIFICACION ADD  DEFAULT ((1)) FOR IDCALIFICACION;
ALTER TABLE CATEGORIA ADD  DEFAULT ((1)) FOR IDCATEGORIA;
ALTER TABLE CIERRETRANSACCION ADD  DEFAULT ((1)) FOR IDCIERRETRANSACCION;
ALTER TABLE CLAVE ADD  DEFAULT ((1)) FOR IDCLAVE;
ALTER TABLE DESTAQUE ADD  DEFAULT ((1)) FOR IDDESTAQUE;
ALTER TABLE DURACION ADD  DEFAULT ((1)) FOR IDDURACION;
ALTER TABLE FOTO ADD  DEFAULT ((1)) FOR IDFOTO
ALTER TABLE ITEM ADD  DEFAULT ((1)) FOR IDITEM
ALTER TABLE MEDIOPAGO ADD  DEFAULT ((1)) FOR IDMEDIOPAGO
ALTER TABLE MODULO ADD  DEFAULT ((1)) FOR IDMODULO
ALTER TABLE MOTIVO ADD  DEFAULT ((1)) FOR IDMOTIVO
ALTER TABLE NOTIFICACION ADD  DEFAULT ((1)) FOR IDNOTIFICACION
ALTER TABLE OFERTA ADD  DEFAULT ((1)) FOR IDOFERTA
ALTER TABLE PERIODO ADD  DEFAULT ((1)) FOR IDPERIODO
ALTER TABLE PROCEDENCIAMODERACION ADD  DEFAULT ((1)) FOR IDPROCEDENCIAMODERACION
ALTER TABLE REGLA ADD  DEFAULT ((1)) FOR IDREGLA
ALTER TABLE SEGUIMIENTO ADD  DEFAULT ((1)) FOR IDSEGUIMIENTO
ALTER TABLE TABLAMODERADA ADD  DEFAULT ((1)) FOR IDTABLAMODERADA
ALTER TABLE TIPOAVISO ADD  DEFAULT ((1)) FOR IDTIPOAVISO
ALTER TABLE TIPOCAMBIO ADD  DEFAULT ((1)) FOR IDTIPOCAMBIO
ALTER TABLE TIPODESTAQUE ADD  DEFAULT ((1)) FOR IDTIPODESTAQUE
ALTER TABLE TIPODOCUMENTO ADD  DEFAULT ((1)) FOR IDTIPODOCUMENTO
ALTER TABLE TIPOMENSAJE ADD  DEFAULT ((1)) FOR IDTIPOMENSAJE
ALTER TABLE TIPOMOTIVO ADD  DEFAULT ((1)) FOR IDTIPOMOTIVO
ALTER TABLE TIPONOTIFICACION ADD  DEFAULT ((1)) FOR IDTIPONOTIFICACION
ALTER TABLE TIPOPRODUCTO ADD  DEFAULT ((1)) FOR IDTIPOPRODUCTO
ALTER TABLE TIPOREACTIVACION ADD  DEFAULT ((1)) FOR IDTIPOREACTIVACION
ALTER TABLE TIPOREGLA ADD  DEFAULT ((1)) FOR IDTIPOREGLA
ALTER TABLE TIPOSUSPENSION ADD  DEFAULT ((1)) FOR IDTIPOSUSPENSION
ALTER TABLE TIPOUSUARIOPORTAL ADD  DEFAULT ((1)) FOR IDTIPOUSUARIOPORTAL
ALTER TABLE TRANSACCION ADD  DEFAULT ((1)) FOR IDTRANSACCION
ALTER TABLE UBIGEO ADD  DEFAULT ((1)) FOR IDUBIGEO
ALTER TABLE USUARIO ADD  DEFAULT ((1)) FOR IDUSUARIO
ALTER TABLE AVISO  WITH CHECK ADD  CONSTRAINT KO_DURACION_AVISO_FK1 FOREIGN KEY(IDDURACION)
REFERENCES DURACION (IDDURACION)
ALTER TABLE AVISO CHECK CONSTRAINT KO_DURACION_AVISO_FK1
ALTER TABLE AVISO  WITH CHECK ADD  CONSTRAINT KO_MODULOAVISO_AVISO_FK1 FOREIGN KEY(IDMODULOAVISO)
REFERENCES MODULOAVISO (IDMODULOAVISO)
ALTER TABLE AVISO CHECK CONSTRAINT KO_MODULOAVISO_AVISO_FK1
ALTER TABLE AVISO  WITH CHECK ADD  CONSTRAINT KO_MONEDA_AVISO_FK1 FOREIGN KEY(IDMONEDA)
REFERENCES MONEDA (IDMONEDA)
ALTER TABLE AVISO CHECK CONSTRAINT KO_MONEDA_AVISO_FK1
ALTER TABLE AVISO  WITH CHECK ADD  CONSTRAINT KO_PERIODO_AVISO_FK1 FOREIGN KEY(IDPERIODO)
REFERENCES PERIODO (IDPERIODO)
ALTER TABLE AVISO CHECK CONSTRAINT KO_PERIODO_AVISO_FK1
ALTER TABLE AVISO  WITH CHECK ADD  CONSTRAINT KO_TIPOAVISO_AVISO_FK1 FOREIGN KEY(IDTIPOAVISO)
REFERENCES TIPOAVISO (IDTIPOAVISO)
ALTER TABLE AVISO CHECK CONSTRAINT KO_TIPOAVISO_AVISO_FK1
ALTER TABLE AVISO  WITH CHECK ADD  CONSTRAINT KO_TIPOPRODUCTO_AVISO_FK1 FOREIGN KEY(IDTIPOPRODUCTO)
REFERENCES TIPOPRODUCTO (IDTIPOPRODUCTO)
ALTER TABLE AVISO CHECK CONSTRAINT KO_TIPOPRODUCTO_AVISO_FK1
ALTER TABLE AVISO  WITH CHECK ADD  CONSTRAINT KO_USUARIO_AVISO_FK1 FOREIGN KEY(IDUSUARIO)
REFERENCES USUARIO (IDUSUARIO)
ALTER TABLE AVISO CHECK CONSTRAINT KO_USUARIO_AVISO_FK1
ALTER TABLE AVISOCATEGORIA  WITH CHECK ADD  CONSTRAINT KO_AVISO_AVISOCATEGORIA_FK1 FOREIGN KEY(IDAVISO)
REFERENCES AVISO (IDAVISO)
ALTER TABLE AVISOCATEGORIA CHECK CONSTRAINT KO_AVISO_AVISOCATEGORIA_FK1
ALTER TABLE AVISOCATEGORIA  WITH CHECK ADD  CONSTRAINT KO_CATEGORIA_AVISOCATEGORIA_FK1 FOREIGN KEY(IDCATEGORIA)
REFERENCES CATEGORIA (IDCATEGORIA)
ALTER TABLE AVISOCATEGORIA CHECK CONSTRAINT KO_CATEGORIA_AVISOCATEGORIA_FK1
ALTER TABLE AVISOCLAVE  WITH CHECK ADD  CONSTRAINT KO_AVISO_AVISOCLAVE_FK1 FOREIGN KEY(IDAVISO)
REFERENCES AVISO (IDAVISO)
ALTER TABLE AVISOCLAVE CHECK CONSTRAINT KO_AVISO_AVISOCLAVE_FK1
ALTER TABLE AVISOCLAVE  WITH CHECK ADD  CONSTRAINT KO_CLAVE_AVISOCLAVE_FK1 FOREIGN KEY(IDCLAVE)
REFERENCES CLAVE (IDCLAVE)
ALTER TABLE AVISOCLAVE CHECK CONSTRAINT KO_CLAVE_AVISOCLAVE_FK1
ALTER TABLE AVISODESTAQUE  WITH CHECK ADD  CONSTRAINT KO_AVISO_AVISODESTAQUE_FK1 FOREIGN KEY(IDAVISO)
REFERENCES AVISO (IDAVISO)
ALTER TABLE AVISODESTAQUE CHECK CONSTRAINT KO_AVISO_AVISODESTAQUE_FK1
ALTER TABLE AVISODESTAQUE  WITH CHECK ADD  CONSTRAINT KO_DESTAQUE_AVISODESTAQUE_FK1 FOREIGN KEY(IDDESTAQUE)
REFERENCES DESTAQUE (IDDESTAQUE)
ALTER TABLE AVISODESTAQUE CHECK CONSTRAINT KO_DESTAQUE_AVISODESTAQUE_FK1
ALTER TABLE CALIFICACION  WITH CHECK ADD  CONSTRAINT KO_ESCALA_CALIFICACION_FK1 FOREIGN KEY(IDESCALA)
REFERENCES ESCALA (IDESCALA)
ALTER TABLE CALIFICACION CHECK CONSTRAINT KO_ESCALA_CALIFICACION_FK1
ALTER TABLE CALIFICACION  WITH CHECK ADD  CONSTRAINT KO_OFERTA_CALIFICACION_FK1 FOREIGN KEY(IDOFERTA, IDTRANSACCION)
REFERENCES TRANSACCION (IDOFERTA, IDTRANSACCION)
ALTER TABLE CALIFICACION CHECK CONSTRAINT KO_OFERTA_CALIFICACION_FK1
ALTER TABLE CALIFICACION  WITH CHECK ADD  CONSTRAINT KO_USUARIO_CALIFICACION_FK1 FOREIGN KEY(IDUSUARIO)
REFERENCES USUARIO (IDUSUARIO)
ALTER TABLE CALIFICACION CHECK CONSTRAINT KO_USUARIO_CALIFICACION_FK1
ALTER TABLE CATEGORIA  WITH CHECK ADD  CONSTRAINT KO_TIPOCATEGORIA_CATEGORIA_FK1 FOREIGN KEY(IDTIPOCATEGORIA)
REFERENCES TIPOCATEGORIA (IDTIPOCATEGORIA)
ALTER TABLE CATEGORIA CHECK CONSTRAINT KO_TIPOCATEGORIA_CATEGORIA_FK1
ALTER TABLE CIERRETRANSACCION  WITH CHECK ADD  CONSTRAINT KO_TRANSACCION_DETALLETRANSACCION_FK1 FOREIGN KEY(IDOFERTA, IDTRANSACCION)
REFERENCES TRANSACCION (IDOFERTA, IDTRANSACCION)
ALTER TABLE CIERRETRANSACCION CHECK CONSTRAINT KO_TRANSACCION_DETALLETRANSACCION_FK1
ALTER TABLE DENUNCIA  WITH CHECK ADD  CONSTRAINT KO_ASUNTO_DENUNCIA_FK1 FOREIGN KEY(IDASUNTO)
REFERENCES ASUNTO (IDASUNTO)
ALTER TABLE DENUNCIA CHECK CONSTRAINT KO_ASUNTO_DENUNCIA_FK1
ALTER TABLE DENUNCIA  WITH CHECK ADD  CONSTRAINT KO_AVISO_DENUNCIA_FK1 FOREIGN KEY(IDAVISO)
REFERENCES AVISO (IDAVISO)
ALTER TABLE DENUNCIA CHECK CONSTRAINT KO_AVISO_DENUNCIA_FK1
ALTER TABLE DESTAQUE  WITH CHECK ADD  CONSTRAINT KO_ESTILO_DESTAQUE_FK1 FOREIGN KEY(IDESTILO)
REFERENCES ESTILO (IDESTILO)
ALTER TABLE DESTAQUE CHECK CONSTRAINT KO_ESTILO_DESTAQUE_FK1
ALTER TABLE DESTAQUE  WITH CHECK ADD  CONSTRAINT KO_TIPODESTAQUE_DESTAQUE_FK1 FOREIGN KEY(IDTIPODESTAQUE)
REFERENCES TIPODESTAQUE (IDTIPODESTAQUE)
ALTER TABLE DESTAQUE CHECK CONSTRAINT KO_TIPODESTAQUE_DESTAQUE_FK1
ALTER TABLE DETALLEMENSAJE  WITH CHECK ADD  CONSTRAINT KO_MENSAJE_DETALLEMENSAJE_FK1 FOREIGN KEY(IDMENSAJE)
REFERENCES MENSAJE (IDMENSAJE)
ALTER TABLE DETALLEMENSAJE CHECK CONSTRAINT KO_MENSAJE_DETALLEMENSAJE_FK1
ALTER TABLE DETALLEMENSAJE  WITH CHECK ADD  CONSTRAINT KO_TIPOMENSAJE_MENSAJE_FK1 FOREIGN KEY(IDTIPOMENSAJE)
REFERENCES TIPOMENSAJE (IDTIPOMENSAJE)
ALTER TABLE DETALLEMENSAJE CHECK CONSTRAINT KO_TIPOMENSAJE_MENSAJE_FK1
ALTER TABLE DETALLEMENSAJE  WITH CHECK ADD  CONSTRAINT KO_USUARIO_MENSAJE_FK1 FOREIGN KEY(IDUSUARIO)
REFERENCES USUARIO (IDUSUARIO)
ALTER TABLE DETALLEMENSAJE CHECK CONSTRAINT KO_USUARIO_MENSAJE_FK1
ALTER TABLE DETALLEREGLA  WITH CHECK ADD  CONSTRAINT KO_REGLA_DETALLEREGLA_FK1 FOREIGN KEY(IDREGLA)
REFERENCES REGLA (IDREGLA)
ALTER TABLE DETALLEREGLA CHECK CONSTRAINT KO_REGLA_DETALLEREGLA_FK1
ALTER TABLE DURACION  WITH CHECK ADD  CONSTRAINT KO_TIPOAVISO_DURACION_FK1 FOREIGN KEY(IDTIPOAVISO)
REFERENCES TIPOAVISO (IDTIPOAVISO)
ALTER TABLE DURACION CHECK CONSTRAINT KO_TIPOAVISO_DURACION_FK1
ALTER TABLE FOTO  WITH CHECK ADD  CONSTRAINT KO_FOTO_AVISO_FK1 FOREIGN KEY(IDAVISO)
REFERENCES AVISO (IDAVISO)
ALTER TABLE FOTO CHECK CONSTRAINT KO_FOTO_AVISO_FK1
ALTER TABLE ITEM  WITH CHECK ADD  CONSTRAINT KO_MODULO_ITEM_FK1 FOREIGN KEY(IDMODULO)
REFERENCES MODULO (IDMODULO)
ALTER TABLE ITEM CHECK CONSTRAINT KO_MODULO_ITEM_FK1
ALTER TABLE MENSAJE  WITH CHECK ADD  CONSTRAINT KO_CALIFICACION_MENSAJE_FK1 FOREIGN KEY(IDCALIFICACION)
REFERENCES CALIFICACION (IDCALIFICACION)
ALTER TABLE MENSAJE CHECK CONSTRAINT KO_CALIFICACION_MENSAJE_FK1
ALTER TABLE MENSAJE  WITH CHECK ADD  CONSTRAINT KO_MENSAJE_AVISO_FK1 FOREIGN KEY(IDAVISO)
REFERENCES AVISO (IDAVISO)
ALTER TABLE MENSAJE CHECK CONSTRAINT KO_MENSAJE_AVISO_FK1
ALTER TABLE MODULO  WITH CHECK ADD  CONSTRAINT KO_TIPOMODULO_MODULO_FK1 FOREIGN KEY(IDTIPOMODULO)
REFERENCES TIPOMODULO (IDTIPOMODULO)
ALTER TABLE MODULO CHECK CONSTRAINT KO_TIPOMODULO_MODULO_FK1
ALTER TABLE MODULOAVISO  WITH CHECK ADD  CONSTRAINT KO_MODULO_MODULOAVISO_FK1 FOREIGN KEY(IDMODULO)
REFERENCES MODULO (IDMODULO)
ALTER TABLE MODULOAVISO CHECK CONSTRAINT KO_MODULO_MODULOAVISO_FK1
ALTER TABLE MOTIVO  WITH CHECK ADD  CONSTRAINT KO_REGLA_MOTIVO_FK1 FOREIGN KEY(IDREGLA)
REFERENCES REGLA (IDREGLA)
ALTER TABLE MOTIVO CHECK CONSTRAINT KO_REGLA_MOTIVO_FK1
ALTER TABLE MOTIVO  WITH CHECK ADD  CONSTRAINT KO_TIPOMOTIVO_MOTIVO_FK1 FOREIGN KEY(IDTIPOMOTIVO)
REFERENCES TIPOMOTIVO (IDTIPOMOTIVO)
ALTER TABLE MOTIVO CHECK CONSTRAINT KO_TIPOMOTIVO_MOTIVO_FK1
ALTER TABLE NOTIFICACION  WITH CHECK ADD  CONSTRAINT KO_MOTIVO_NOTIFICACION_FK1 FOREIGN KEY(IDMOTIVO)
REFERENCES MOTIVO (IDMOTIVO)
ALTER TABLE NOTIFICACION CHECK CONSTRAINT KO_MOTIVO_NOTIFICACION_FK1
ALTER TABLE NOTIFICACION  WITH CHECK ADD  CONSTRAINT KO_TIPONOTIFICACION_NOTIFICACION_FK1 FOREIGN KEY(IDTIPONOTIFICACION)
REFERENCES TIPONOTIFICACION (IDTIPONOTIFICACION)
ALTER TABLE NOTIFICACION CHECK CONSTRAINT KO_TIPONOTIFICACION_NOTIFICACION_FK1
ALTER TABLE OFERTA  WITH CHECK ADD  CONSTRAINT KO_OFERTA_AVISO_FK1 FOREIGN KEY(IDAVISO)
REFERENCES AVISO (IDAVISO)
ALTER TABLE OFERTA CHECK CONSTRAINT KO_OFERTA_AVISO_FK1
ALTER TABLE OFERTA  WITH CHECK ADD  CONSTRAINT KO_USUARIO_OFERTA_FK1 FOREIGN KEY(IDUSUARIO)
REFERENCES USUARIO (IDUSUARIO)
ALTER TABLE OFERTA CHECK CONSTRAINT KO_USUARIO_OFERTA_FK1
ALTER TABLE PARAMETRO  WITH CHECK ADD  CONSTRAINT KO_PARAMETROGRUPO_PARAMETRO_FK1 FOREIGN KEY(IDPARAMETROGRUPO)
REFERENCES PARAMETROGRUPO (IDPARAMETROGRUPO)
ALTER TABLE PARAMETRO CHECK CONSTRAINT KO_PARAMETROGRUPO_PARAMETRO_FK1
ALTER TABLE PROCEDENCIAMODERACION  WITH CHECK ADD  CONSTRAINT KO_TABLAMODERADA_PROCEDENCIAMODERACION_FK1 FOREIGN KEY(IDTABLAMODERADA)
REFERENCES TABLAMODERADA (IDTABLAMODERADA)
ALTER TABLE PROCEDENCIAMODERACION CHECK CONSTRAINT KO_TABLAMODERADA_PROCEDENCIAMODERACION_FK1
ALTER TABLE PROCEDENCIAMODERACION  WITH CHECK ADD  CONSTRAINT KO_USUARIO_PROCEDENCIAMODERACION_FK1 FOREIGN KEY(IDUSUARIO)
REFERENCES USUARIO (IDUSUARIO)
ALTER TABLE PROCEDENCIAMODERACION CHECK CONSTRAINT KO_USUARIO_PROCEDENCIAMODERACION_FK1
ALTER TABLE PROPIEDADREGLA  WITH CHECK ADD  CONSTRAINT KO_PROPIEDAD_PROPIEDADREGLA_FK1 FOREIGN KEY(IDPROPIEDAD)
REFERENCES PROPIEDAD (IDPROPIEDAD)
ALTER TABLE PROPIEDADREGLA CHECK CONSTRAINT KO_PROPIEDAD_PROPIEDADREGLA_FK1
ALTER TABLE PROPIEDADREGLA  WITH CHECK ADD  CONSTRAINT KO_REGLA_PROPIEDADREGLA_FK1 FOREIGN KEY(IDREGLA)
REFERENCES REGLA (IDREGLA)
ALTER TABLE PROPIEDADREGLA CHECK CONSTRAINT KO_REGLA_PROPIEDADREGLA_FK1
ALTER TABLE REGLA  WITH CHECK ADD  CONSTRAINT KO_TIPOREACTIVACION_REGLA_FK1 FOREIGN KEY(IDTIPOREACTIVACION)
REFERENCES TIPOREACTIVACION (IDTIPOREACTIVACION)
ALTER TABLE REGLA CHECK CONSTRAINT KO_TIPOREACTIVACION_REGLA_FK1
ALTER TABLE REGLA  WITH CHECK ADD  CONSTRAINT KO_TIPOREGLA_REGLA_FK1 FOREIGN KEY(IDTIPOREGLA)
REFERENCES TIPOREGLA (IDTIPOREGLA)
ALTER TABLE REGLA CHECK CONSTRAINT KO_TIPOREGLA_REGLA_FK1
ALTER TABLE REGLA  WITH CHECK ADD  CONSTRAINT KO_TIPOSUSPENSION_REGLA_FK1 FOREIGN KEY(IDTIPOSUSPENSION)
REFERENCES TIPOSUSPENSION (IDTIPOSUSPENSION)
ALTER TABLE REGLA CHECK CONSTRAINT KO_TIPOSUSPENSION_REGLA_FK1
ALTER TABLE SEGUIMIENTO  WITH CHECK ADD  CONSTRAINT KO_SEGUIMIENTO_AVISO_FK1 FOREIGN KEY(IDAVISO)
REFERENCES AVISO (IDAVISO)
ALTER TABLE SEGUIMIENTO CHECK CONSTRAINT KO_SEGUIMIENTO_AVISO_FK1
ALTER TABLE TEXTO  WITH CHECK ADD  CONSTRAINT KO_TIPOPALABRA_TEXTO_FK1 FOREIGN KEY(IDTIPOPALABRA)
REFERENCES TIPOAPROBACION (IDTIPOAPROBACION)
ALTER TABLE TEXTO CHECK CONSTRAINT KO_TIPOPALABRA_TEXTO_FK1
ALTER TABLE TEXTOPROCEDENCIAMODERACION  WITH CHECK ADD  CONSTRAINT KO_PROCEDENCIAMODERACION_TEXTOPROCEDENCIAMODERACION_FK1 FOREIGN KEY(IDPROCEDENCIAMODERACION)
REFERENCES PROCEDENCIAMODERACION (IDPROCEDENCIAMODERACION)
ALTER TABLE TEXTOPROCEDENCIAMODERACION CHECK CONSTRAINT KO_PROCEDENCIAMODERACION_TEXTOPROCEDENCIAMODERACION_FK1
ALTER TABLE TEXTOPROCEDENCIAMODERACION  WITH CHECK ADD  CONSTRAINT KO_TEXTO_TEXTOPROCEDENCIAMODERACION_FK1 FOREIGN KEY(IDTEXTO)
REFERENCES TEXTO (IDTEXTO)
ALTER TABLE TEXTOPROCEDENCIAMODERACION CHECK CONSTRAINT KO_TEXTO_TEXTOPROCEDENCIAMODERACION_FK1
ALTER TABLE TRANSACCION  WITH CHECK ADD  CONSTRAINT KO_ESTADOTRANSACCION_TRANSACCION_FK1 FOREIGN KEY(IDESTADOTRANSACCION)
REFERENCES ESTADOTRANSACCION (IDESTADOTRANSACCION)
ALTER TABLE TRANSACCION CHECK CONSTRAINT KO_ESTADOTRANSACCION_TRANSACCION_FK1
ALTER TABLE TRANSACCION  WITH CHECK ADD  CONSTRAINT KO_OFERTA_TRANSACCION_FK1 FOREIGN KEY(IDOFERTA)
REFERENCES OFERTA (IDOFERTA)
ALTER TABLE TRANSACCION CHECK CONSTRAINT KO_OFERTA_TRANSACCION_FK1
ALTER TABLE TRANSACCION  WITH CHECK ADD  CONSTRAINT KO_TIPOCAMBIO_TRANSACCION_FK1 FOREIGN KEY(IDTIPOCAMBIO)
REFERENCES TIPOCAMBIO (IDTIPOCAMBIO)
ALTER TABLE TRANSACCION CHECK CONSTRAINT KO_TIPOCAMBIO_TRANSACCION_FK1
ALTER TABLE TRANSACCIONDESTAQUE  WITH CHECK ADD  CONSTRAINT KO_AVISO_TRANSACCIONDESTAQUE_FK1 FOREIGN KEY(IDAVISO)
REFERENCES AVISO (IDAVISO)
ALTER TABLE TRANSACCIONDESTAQUE CHECK CONSTRAINT KO_AVISO_TRANSACCIONDESTAQUE_FK1
ALTER TABLE TRANSACCIONDESTAQUE  WITH CHECK ADD  CONSTRAINT KO_MEDIOPAGO_TRANSACCIONDESTAQUE_FK1 FOREIGN KEY(IDMEDIOPAGO)
REFERENCES MEDIOPAGO (IDMEDIOPAGO)
ALTER TABLE TRANSACCIONDESTAQUE CHECK CONSTRAINT KO_MEDIOPAGO_TRANSACCIONDESTAQUE_FK1
ALTER TABLE USUARIO  WITH CHECK ADD  CONSTRAINT KO_NOTIFICACION_USUARIO_FK1 FOREIGN KEY(IDNOTIFICACION)
REFERENCES NOTIFICACION (IDNOTIFICACION)
ALTER TABLE USUARIO CHECK CONSTRAINT KO_NOTIFICACION_USUARIO_FK1
ALTER TABLE USUARIO  WITH CHECK ADD  CONSTRAINT KO_SESSION_USUARIO_FK1 FOREIGN KEY(IDSESSION)
REFERENCES SESSION (IDSESSION)
ALTER TABLE USUARIO CHECK CONSTRAINT KO_SESSION_USUARIO_FK1
ALTER TABLE USUARIO  WITH CHECK ADD  CONSTRAINT KO_TIPODOCUMENTO_USUARIO_FK1 FOREIGN KEY(IDTIPODOCUMENTO)
REFERENCES TIPODOCUMENTO (IDTIPODOCUMENTO)
ALTER TABLE USUARIO CHECK CONSTRAINT KO_TIPODOCUMENTO_USUARIO_FK1
ALTER TABLE USUARIO  WITH CHECK ADD  CONSTRAINT KO_UBIGEO_USUARIO_FK1 FOREIGN KEY(IDUBIGEO)
REFERENCES UBIGEO (IDUBIGEO)
ALTER TABLE USUARIO CHECK CONSTRAINT KO_UBIGEO_USUARIO_FK1
ALTER TABLE USUARIOINTRANET  WITH CHECK ADD  CONSTRAINT KO_USUARIO_USUARIOINTRANET_FK1 FOREIGN KEY(IDUSUARIO)
REFERENCES USUARIO (IDUSUARIO)
ALTER TABLE USUARIOINTRANET CHECK CONSTRAINT KO_USUARIO_USUARIOINTRANET_FK1
ALTER TABLE USUARIOPORTAL  WITH CHECK ADD  CONSTRAINT KO_TIPOUSUARIOPORTAL_USUARIOPORTAL_FK1 FOREIGN KEY(IDTIPOUSUARIO)
REFERENCES TIPOUSUARIOPORTAL (IDTIPOUSUARIOPORTAL)
ALTER TABLE USUARIOPORTAL CHECK CONSTRAINT KO_TIPOUSUARIOPORTAL_USUARIOPORTAL_FK1
ALTER TABLE USUARIOPORTAL  WITH CHECK ADD  CONSTRAINT KO_USUARIO_USUARIOPORTAL_FK1 FOREIGN KEY(IDUSUARIO)
REFERENCES USUARIO (IDUSUARIO)
ALTER TABLE USUARIOPORTAL CHECK CONSTRAINT KO_USUARIO_USUARIOPORTAL_FK1

INSERT TIPOPRODUCTO (IDTIPOPRODUCTO, DES) VALUES (1, N'NUEVO')
INSERT TIPOPRODUCTO (IDTIPOPRODUCTO, DES) VALUES (2, N'USADO')
INSERT TIPODESTAQUE (IDTIPODESTAQUE, DES) VALUES (1, N'DESTAQUE ESPECIAL ')
INSERT TIPODESTAQUE (IDTIPODESTAQUE, DES) VALUES (2, N'DESTAQUE DE LISTADO')

INSERT TIPOAVISO (IDTIPOAVISO, DES) VALUES (1, N'COMPRA INMEDIATA')
INSERT TIPOAVISO (IDTIPOAVISO, DES) VALUES (2, N'SUBASTA')
INSERT UBIGEO (IDUBIGEO, CODDPTO, CODPROVINCIA, NOMBRE) VALUES (1, NULL, NULL, N'AMAZONAS')
INSERT UBIGEO (IDUBIGEO, CODDPTO, CODPROVINCIA, NOMBRE) VALUES (2, NULL, NULL, N'ANCASH')
INSERT UBIGEO (IDUBIGEO, CODDPTO, CODPROVINCIA, NOMBRE) VALUES (3, NULL, NULL, N'APURIMAC')
INSERT UBIGEO (IDUBIGEO, CODDPTO, CODPROVINCIA, NOMBRE) VALUES (4, NULL, NULL, N'AREQUIPA')
INSERT UBIGEO (IDUBIGEO, CODDPTO, CODPROVINCIA, NOMBRE) VALUES (5, NULL, NULL, N'AYACUCHO')
INSERT MEDIOPAGO (IDMEDIOPAGO, TITULO, DES, USUARIOCREACION, FECHACREACION) VALUES (1, N'EFECTIVO', NULL, NULL, NULL)
INSERT MEDIOPAGO (IDMEDIOPAGO, TITULO, DES, USUARIOCREACION, FECHACREACION) VALUES (2, N'DEPÓSITO / TRANSFERENCIA BANCARIA', NULL, NULL, NULL)
INSERT MEDIOPAGO (IDMEDIOPAGO, TITULO, DES, USUARIOCREACION, FECHACREACION) VALUES (3, N'GIRO POSTAL', NULL, NULL, NULL)
INSERT MEDIOPAGO (IDMEDIOPAGO, TITULO, DES, USUARIOCREACION, FECHACREACION) VALUES (4, N'CHEQUE CERTIFICADO', NULL, NULL, NULL)
INSERT MEDIOPAGO (IDMEDIOPAGO, TITULO, DES, USUARIOCREACION, FECHACREACION) VALUES (5, N'CONTRA REEMBOLSO', NULL, NULL, NULL)
INSERT MEDIOPAGO (IDMEDIOPAGO, TITULO, DES, USUARIOCREACION, FECHACREACION) VALUES (6, N'TARJETA DE CRÉDITO', NULL, NULL, NULL)
INSERT MONEDA (IDMONEDA, DESCORTA, DESLARGA, SIMBOLO) VALUES (1, N'DOLAR', N'DOLARES', N'$')
INSERT MONEDA (IDMONEDA, DESCORTA, DESLARGA, SIMBOLO) VALUES (2, N'SOLES', N'NUEVOS SOLES', N'S/.')
INSERT PERIODO (IDPERIODO, DES) VALUES (1, N'UNA VEZ')
INSERT PERIODO (IDPERIODO, DES) VALUES (2, N'DOS VECES')
INSERT PERIODO (IDPERIODO, DES) VALUES (3, N'TRES VECES')
INSERT SESSION (IDSESSION, MODIFIED, LIFETIME, IDUSUARIO, DATA) VALUES (N'40FBB5B048940202FB7318D5EB325035', 1263931245, 1440, NULL, N'KOTEAR|A:4:{S:11:"CAPTCHAWORD";S:8:"4E89F788";S:8:"AVISOURL";S:22:"/KOTEAR/AVISO/4-LAPTOP";S:15:"REGISTROUSUARIO";O:8:"STDCLASS":6:{S:9:"IDUSUARIO";S:1:"8";S:5:"EMAIL";S:18:"BLOPEZ@3DEVNET.COM";S:8:"VALIDADO";N;S:6:"ACTIVO";N;S:7:"NOMBRES";S:4:"JUAN";S:5:"APODO";S:9:"BLACKSTAR";}S:3:"IMG";A:7:{I:0;S:14:"1263931169.JPG";I:1;S:0:"";I:2;S:0:"";I:3;S:0:"";I:4;S:0:"";I:5;S:0:"";S:0:"";S:0:"";}}__ZF|A:5:{S:50:"ZEND_FORM_CAPTCHA_E430C34B39A487D0EC4080F0F963D8C3";A:1:{S:4:"ENNH";I:1;}S:50:"ZEND_FORM_CAPTCHA_610455834D45FD61CC4AAE6B46F06655";A:1:{S:4:"ENNH";I:1;}S:50:"ZEND_FORM_CAPTCHA_6DD91E6628CC05A956DFEBE7B6C3310A";A:1:{S:4:"ENNH";I:1;}S:50:"ZEND_FORM_CAPTCHA_72E226D74D9C719727A55FB4F311467D";A:1:{S:4:"ENNH";I:1;}S:50:"ZEND_FORM_CAPTCHA_D04EDC2F7F0D149879086BC87BBEF4B4";A:2:{S:4:"ENNH";I:1;S:3:"ENT";I:1263931444;}}ZEND_FORM_CAPTCHA_D04EDC2F7F0D149879086BC87BBEF4B4|A:1:{S:4:"WORD";S:8:"4E89F788";}')
INSERT SESSION (IDSESSION, MODIFIED, LIFETIME, IDUSUARIO, DATA) VALUES (N'5E2035D14875D6B716D725F31E29D7E4', 1263942755, 1440, NULL, N'__ZF|A:3:{S:50:"ZEND_FORM_CAPTCHA_E648479360FE60106B90F7207726D4BC";A:1:{S:4:"ENNH";I:1;}S:50:"ZEND_FORM_CAPTCHA_5B613F9B85A4052C0B57A0F52472A393";A:1:{S:4:"ENNH";I:1;}S:50:"ZEND_FORM_CAPTCHA_8BE581DD1847C5338510F6A72E34A117";A:2:{S:4:"ENNH";I:1;S:3:"ENT";I:1263943055;}}KOTEAR|A:1:{S:11:"CAPTCHAWORD";S:8:"S82ETUH4";}ZEND_FORM_CAPTCHA_8BE581DD1847C5338510F6A72E34A117|A:1:{S:4:"WORD";S:8:"S82ETUH4";}')
INSERT SESSION (IDSESSION, MODIFIED, LIFETIME, IDUSUARIO, DATA) VALUES (N'81A221C0E7C1F645938FEEF1003B68EF', 1263700680, 1440, NULL, N'')
INSERT SESSION (IDSESSION, MODIFIED, LIFETIME, IDUSUARIO, DATA) VALUES (N'8F2D501BCD21A42720B85E94703970FA', 1263926717, 1440, NULL, N'')
INSERT SESSION (IDSESSION, MODIFIED, LIFETIME, IDUSUARIO, DATA) VALUES (N'9DB339EC02B68B7A1F59061BC2AB2B61', 1263781776, 1440, NULL, N'')
INSERT SESSION (IDSESSION, MODIFIED, LIFETIME, IDUSUARIO, DATA) VALUES (N'A1EB3A4CE6F7F3F3D77D080C34969E34', 1263833145, 1440, NULL, N'')
INSERT SESSION (IDSESSION, MODIFIED, LIFETIME, IDUSUARIO, DATA) VALUES (N'AD642FC6E2B6C77DF9234F333E4F62A7', 1263700674, 1440, NULL, N'')
INSERT SESSION (IDSESSION, MODIFIED, LIFETIME, IDUSUARIO, DATA) VALUES (N'B4F5BCDC8C743D18EB09EADEE14B125C', 1263926810, 1440, NULL, N'__ZF|A:7:{S:50:"ZEND_FORM_CAPTCHA_4EC734FA410EA9D8B48DC80670CE15D7";A:1:{S:4:"ENNH";I:1;}S:50:"ZEND_FORM_CAPTCHA_08997AC3E76782B9F7EDE438A220BB4E";A:1:{S:4:"ENNH";I:1;}S:50:"ZEND_FORM_CAPTCHA_81DD9BBC42655419772EBB1D845EF478";A:1:{S:4:"ENNH";I:1;}S:50:"ZEND_FORM_CAPTCHA_21054446598A2BCD9978BF416C036BF1";A:1:{S:4:"ENNH";I:1;}S:50:"ZEND_FORM_CAPTCHA_47413F80551B97D15FF32A6E1BEF6F6A";A:1:{S:4:"ENNH";I:1;}S:50:"ZEND_FORM_CAPTCHA_C150A6360E3B2109FBD403CF1683A9EF";A:1:{S:4:"ENNH";I:1;}S:50:"ZEND_FORM_CAPTCHA_FEB00661007536D5A0991B5FD2ED9D2A";A:2:{S:4:"ENNH";I:1;S:3:"ENT";I:1263926877;}}KOTEAR|A:3:{S:11:"CAPTCHAWORD";S:8:"XEU6HIX2";S:8:"AVISOURL";S:27:"/KOTEAR_JUAN/AVISO/4-LAPTOP";S:3:"IMG";A:7:{I:0;S:0:"";I:1;S:0:"";I:2;S:0:"";I:3;S:0:"";I:4;S:0:"";I:5;S:0:"";S:0:"";S:0:"";}}ZEND_FORM_CAPTCHA_FEB00661007536D5A0991B5FD2ED9D2A|A:1:{S:4:"WORD";S:8:"XEU6HIX2";}')
INSERT SESSION (IDSESSION, MODIFIED, LIFETIME, IDUSUARIO, DATA) VALUES (N'B7D0E9103597578CABF143016002F018', 1263924948, 1440, NULL, N'')
INSERT SESSION (IDSESSION, MODIFIED, LIFETIME, IDUSUARIO, DATA) VALUES (N'D916B35ACBB0381E4703D2FCDD5752F7', 1263928276, 1440, NULL, N'__ZF|A:2:{S:50:"ZEND_FORM_CAPTCHA_81B57E6380BB5166E3BBD74C1282B85C";A:1:{S:4:"ENNH";I:1;}S:50:"ZEND_FORM_CAPTCHA_0DDEE6366B263B9A4FBBEC568B12BC86";A:1:{S:4:"ENNH";I:1;}}KOTEAR|A:3:{S:11:"CAPTCHAWORD";S:8:"245I6AVI";S:15:"REGISTROUSUARIO";O:8:"STDCLASS":6:{S:9:"IDUSUARIO";S:1:"6";S:5:"EMAIL";S:22:"JUANCARBAJAL@GMAIL.COM";S:8:"VALIDADO";N;S:6:"ACTIVO";N;S:7:"NOMBRES";S:11:"JUAN MIGUEL";S:5:"APODO";S:9:"JCARBAJAL";}S:3:"IMG";A:7:{I:0;S:14:"1263928081.JPG";I:1;S:0:"";I:2;S:0:"";I:3;S:0:"";I:4;S:0:"";I:5;S:0:"";S:0:"";S:0:"";}}')
INSERT SESSION (IDSESSION, MODIFIED, LIFETIME, IDUSUARIO, DATA) VALUES (N'ED39DC69E0494B8F729B64A1A8C22DB0', 1263933077, 1440, NULL, N'')
INSERT SESSION (IDSESSION, MODIFIED, LIFETIME, IDUSUARIO, DATA) VALUES (N'F70AAD59419C19761B472C7904930E67', 1263931039, 1440, NULL, N'')
INSERT DESTAQUE (IDDESTAQUE, CODDESTAQUE, TITULO, DES, PRIORIDAD, MONTO, VISIBLE, FOTO, ESTADO, MONTOSINIMPUESTO, URL, IDTIPODESTAQUE, IDESTILO) VALUES (1, NULL, N'PRINCIPAL + CATEGORIA', N'DESTAQUE1', NULL, CAST(19.90 AS DECIMAL(10, 2)), NULL, NULL, NULL, NULL, N'', 1, NULL)
INSERT DESTAQUE (IDDESTAQUE, CODDESTAQUE, TITULO, DES, PRIORIDAD, MONTO, VISIBLE, FOTO, ESTADO, MONTOSINIMPUESTO, URL, IDTIPODESTAQUE, IDESTILO) VALUES (2, NULL, N'DESTAQUE PRINCIPAL', N'DESTAQUE 2', NULL, CAST(14.99 AS DECIMAL(10, 2)), NULL, NULL, NULL, NULL, N'', 1, NULL)
INSERT DESTAQUE (IDDESTAQUE, CODDESTAQUE, TITULO, DES, PRIORIDAD, MONTO, VISIBLE, FOTO, ESTADO, MONTOSINIMPUESTO, URL, IDTIPODESTAQUE, IDESTILO) VALUES (3, NULL, N'DESTAQUE CATEGORIA', N'DESTAQUE 3', NULL, CAST(12.99 AS DECIMAL(10, 2)), NULL, NULL, NULL, NULL, N'', 1, NULL)
INSERT DESTAQUE (IDDESTAQUE, CODDESTAQUE, TITULO, DES, PRIORIDAD, MONTO, VISIBLE, FOTO, ESTADO, MONTOSINIMPUESTO, URL, IDTIPODESTAQUE, IDESTILO) VALUES (5, NULL, N'FORO LISTA', N'INCLUYE FOTO', NULL, CAST(7.99 AS DECIMAL(10, 2)), NULL, N'1 ', NULL, NULL, N'', 2, NULL)
INSERT DESTAQUE (IDDESTAQUE, CODDESTAQUE, TITULO, DES, PRIORIDAD, MONTO, VISIBLE, FOTO, ESTADO, MONTOSINIMPUESTO, URL, IDTIPODESTAQUE, IDESTILO) VALUES (6, NULL, N'RESALTADO', N'INCLUYE TITULO EN NEGRITA Y RESALTADO GRIS', NULL, CAST(4.99 AS DECIMAL(10, 2)), NULL, N'1 ', NULL, NULL, N'', 2, NULL)
INSERT DESTAQUE (IDDESTAQUE, CODDESTAQUE, TITULO, DES, PRIORIDAD, MONTO, VISIBLE, FOTO, ESTADO, MONTOSINIMPUESTO, URL, IDTIPODESTAQUE, IDESTILO) VALUES (7, NULL, N'TITULO EN NEGRITA', N'INCLUYE TITULO EN NEGRITA', NULL, CAST(1.99 AS DECIMAL(10, 2)), NULL, N'1 ', NULL, NULL, N'', 2, NULL)
INSERT DESTAQUE (IDDESTAQUE, CODDESTAQUE, TITULO, DES, PRIORIDAD, MONTO, VISIBLE, FOTO, ESTADO, MONTOSINIMPUESTO, URL, IDTIPODESTAQUE, IDESTILO) VALUES (4, NULL, N'DASD', N'ASDASD', NULL, CAST(9.99 AS DECIMAL(10, 2)), NULL, N'1 ', NULL, NULL, NULL, 2, NULL)
/****** OBJECT:  TABLE MODULO    SCRIPT DATE: 01/20/2010 11:04:12 ******/
INSERT CATEGORIA (IDCATEGORIA, TITULO, DES, FECHACREACION, FECHAMODIFICACION, USUARIOCREACION, USUARIOMODIFICACION, APTADESTAQUE, IDPADRE, IDTIPOCATEGORIA, NIVEL, TIPIFICADO, VISUALIZA, ADULTO, VISUALIZAHOME, ESTADOCATEGORIA) VALUES (1, N'ACCESORIOS', NULL, NULL, NULL, NULL, NULL, NULL, NULL, NULL, 1, NULL, NULL, NULL, NULL, NULL)
INSERT CATEGORIA (IDCATEGORIA, TITULO, DES, FECHACREACION, FECHAMODIFICACION, USUARIOCREACION, USUARIOMODIFICACION, APTADESTAQUE, IDPADRE, IDTIPOCATEGORIA, NIVEL, TIPIFICADO, VISUALIZA, ADULTO, VISUALIZAHOME, ESTADOCATEGORIA) VALUES (2, N'ADULTOS', NULL, NULL, NULL, NULL, NULL, NULL, NULL, NULL, 1, NULL, NULL, NULL, NULL, NULL)
INSERT CATEGORIA (IDCATEGORIA, TITULO, DES, FECHACREACION, FECHAMODIFICACION, USUARIOCREACION, USUARIOMODIFICACION, APTADESTAQUE, IDPADRE, IDTIPOCATEGORIA, NIVEL, TIPIFICADO, VISUALIZA, ADULTO, VISUALIZAHOME, ESTADOCATEGORIA) VALUES (3, N'ANIMALES', NULL, NULL, NULL, NULL, NULL, NULL, NULL, NULL, 1, NULL, NULL, NULL, NULL, NULL)
INSERT CATEGORIA (IDCATEGORIA, TITULO, DES, FECHACREACION, FECHAMODIFICACION, USUARIOCREACION, USUARIOMODIFICACION, APTADESTAQUE, IDPADRE, IDTIPOCATEGORIA, NIVEL, TIPIFICADO, VISUALIZA, ADULTO, VISUALIZAHOME, ESTADOCATEGORIA) VALUES (4, N'AUTOS', NULL, NULL, NULL, NULL, NULL, NULL, 1, NULL, 2, NULL, NULL, NULL, NULL, NULL)
INSERT CATEGORIA (IDCATEGORIA, TITULO, DES, FECHACREACION, FECHAMODIFICACION, USUARIOCREACION, USUARIOMODIFICACION, APTADESTAQUE, IDPADRE, IDTIPOCATEGORIA, NIVEL, TIPIFICADO, VISUALIZA, ADULTO, VISUALIZAHOME, ESTADOCATEGORIA) VALUES (5, N'MOTOS', NULL, NULL, NULL, NULL, NULL, NULL, 1, NULL, 2, NULL, NULL, NULL, NULL, NULL)
INSERT CATEGORIA (IDCATEGORIA, TITULO, DES, FECHACREACION, FECHAMODIFICACION, USUARIOCREACION, USUARIOMODIFICACION, APTADESTAQUE, IDPADRE, IDTIPOCATEGORIA, NIVEL, TIPIFICADO, VISUALIZA, ADULTO, VISUALIZAHOME, ESTADOCATEGORIA) VALUES (6, N'NAUTICA ', NULL, NULL, NULL, NULL, NULL, NULL, 1, NULL, 2, NULL, NULL, NULL, NULL, NULL)
INSERT CATEGORIA (IDCATEGORIA, TITULO, DES, FECHACREACION, FECHAMODIFICACION, USUARIOCREACION, USUARIOMODIFICACION, APTADESTAQUE, IDPADRE, IDTIPOCATEGORIA, NIVEL, TIPIFICADO, VISUALIZA, ADULTO, VISUALIZAHOME, ESTADOCATEGORIA) VALUES (7, N'COSMETRIA', NULL, NULL, NULL, NULL, NULL, NULL, 2, NULL, 2, NULL, NULL, NULL, NULL, NULL)
INSERT CATEGORIA (IDCATEGORIA, TITULO, DES, FECHACREACION, FECHAMODIFICACION, USUARIOCREACION, USUARIOMODIFICACION, APTADESTAQUE, IDPADRE, IDTIPOCATEGORIA, NIVEL, TIPIFICADO, VISUALIZA, ADULTO, VISUALIZAHOME, ESTADOCATEGORIA) VALUES (8, N'FANTASIAS ', NULL, NULL, NULL, NULL, NULL, NULL, 2, NULL, 2, NULL, NULL, NULL, NULL, NULL)
INSERT CATEGORIA (IDCATEGORIA, TITULO, DES, FECHACREACION, FECHAMODIFICACION, USUARIOCREACION, USUARIOMODIFICACION, APTADESTAQUE, IDPADRE, IDTIPOCATEGORIA, NIVEL, TIPIFICADO, VISUALIZA, ADULTO, VISUALIZAHOME, ESTADOCATEGORIA) VALUES (9, N'JUGUETES', NULL, NULL, NULL, NULL, NULL, NULL, 2, NULL, 2, NULL, NULL, NULL, NULL, NULL)
INSERT CATEGORIA (IDCATEGORIA, TITULO, DES, FECHACREACION, FECHAMODIFICACION, USUARIOCREACION, USUARIOMODIFICACION, APTADESTAQUE, IDPADRE, IDTIPOCATEGORIA, NIVEL, TIPIFICADO, VISUALIZA, ADULTO, VISUALIZAHOME, ESTADOCATEGORIA) VALUES (10, N'ACCESORISO ', NULL, NULL, NULL, NULL, NULL, NULL, 3, NULL, 2, NULL, NULL, NULL, NULL, NULL)
INSERT CATEGORIA (IDCATEGORIA, TITULO, DES, FECHACREACION, FECHAMODIFICACION, USUARIOCREACION, USUARIOMODIFICACION, APTADESTAQUE, IDPADRE, IDTIPOCATEGORIA, NIVEL, TIPIFICADO, VISUALIZA, ADULTO, VISUALIZAHOME, ESTADOCATEGORIA) VALUES (11, N'ACUARIOS', NULL, NULL, NULL, NULL, NULL, NULL, 3, NULL, 2, NULL, NULL, NULL, NULL, NULL)
INSERT CATEGORIA (IDCATEGORIA, TITULO, DES, FECHACREACION, FECHAMODIFICACION, USUARIOCREACION, USUARIOMODIFICACION, APTADESTAQUE, IDPADRE, IDTIPOCATEGORIA, NIVEL, TIPIFICADO, VISUALIZA, ADULTO, VISUALIZAHOME, ESTADOCATEGORIA) VALUES (12, N'ALIMENTOS', NULL, NULL, NULL, NULL, NULL, NULL, 3, NULL, 2, NULL, NULL, NULL, NULL, NULL)
INSERT CATEGORIA (IDCATEGORIA, TITULO, DES, FECHACREACION, FECHAMODIFICACION, USUARIOCREACION, USUARIOMODIFICACION, APTADESTAQUE, IDPADRE, IDTIPOCATEGORIA, NIVEL, TIPIFICADO, VISUALIZA, ADULTO, VISUALIZAHOME, ESTADOCATEGORIA) VALUES (13, N'AHORA COMBUSTIBLE', NULL, NULL, NULL, NULL, NULL, NULL, 4, NULL, 3, NULL, NULL, NULL, NULL, NULL)
INSERT CATEGORIA (IDCATEGORIA, TITULO, DES, FECHACREACION, FECHAMODIFICACION, USUARIOCREACION, USUARIOMODIFICACION, APTADESTAQUE, IDPADRE, IDTIPOCATEGORIA, NIVEL, TIPIFICADO, VISUALIZA, ADULTO, VISUALIZAHOME, ESTADOCATEGORIA) VALUES (14, N'AIRE ACONDICIONADO', NULL, NULL, NULL, NULL, NULL, NULL, 4, NULL, 3, NULL, NULL, NULL, NULL, NULL)
INSERT CATEGORIA (IDCATEGORIA, TITULO, DES, FECHACREACION, FECHAMODIFICACION, USUARIOCREACION, USUARIOMODIFICACION, APTADESTAQUE, IDPADRE, IDTIPOCATEGORIA, NIVEL, TIPIFICADO, VISUALIZA, ADULTO, VISUALIZAHOME, ESTADOCATEGORIA) VALUES (15, N'ALARNAS', NULL, NULL, NULL, NULL, NULL, NULL, 4, NULL, 3, NULL, NULL, NULL, NULL, NULL)
INSERT CATEGORIA (IDCATEGORIA, TITULO, DES, FECHACREACION, FECHAMODIFICACION, USUARIOCREACION, USUARIOMODIFICACION, APTADESTAQUE, IDPADRE, IDTIPOCATEGORIA, NIVEL, TIPIFICADO, VISUALIZA, ADULTO, VISUALIZAHOME, ESTADOCATEGORIA) VALUES (16, N'MANUALES Y REVISTAS', NULL, NULL, NULL, NULL, NULL, NULL, 5, NULL, 3, NULL, NULL, NULL, NULL, NULL)
INSERT CATEGORIA (IDCATEGORIA, TITULO, DES, FECHACREACION, FECHAMODIFICACION, USUARIOCREACION, USUARIOMODIFICACION, APTADESTAQUE, IDPADRE, IDTIPOCATEGORIA, NIVEL, TIPIFICADO, VISUALIZA, ADULTO, VISUALIZAHOME, ESTADOCATEGORIA) VALUES (17, N'NEGOCIOS Y SERVICIOS', NULL, NULL, NULL, NULL, NULL, NULL, 5, NULL, 3, NULL, NULL, NULL, NULL, NULL)
INSERT CATEGORIA (IDCATEGORIA, TITULO, DES, FECHACREACION, FECHAMODIFICACION, USUARIOCREACION, USUARIOMODIFICACION, APTADESTAQUE, IDPADRE, IDTIPOCATEGORIA, NIVEL, TIPIFICADO, VISUALIZA, ADULTO, VISUALIZAHOME, ESTADOCATEGORIA) VALUES (18, N'ANAL', NULL, NULL, NULL, NULL, NULL, NULL, 9, NULL, 3, NULL, NULL, NULL, NULL, NULL)
INSERT CATEGORIA (IDCATEGORIA, TITULO, DES, FECHACREACION, FECHAMODIFICACION, USUARIOCREACION, USUARIOMODIFICACION, APTADESTAQUE, IDPADRE, IDTIPOCATEGORIA, NIVEL, TIPIFICADO, VISUALIZA, ADULTO, VISUALIZAHOME, ESTADOCATEGORIA) VALUES (19, N'CONSOLADORES', NULL, NULL, NULL, NULL, NULL, NULL, 9, NULL, 3, NULL, NULL, NULL, NULL, NULL)
INSERT CATEGORIA (IDCATEGORIA, TITULO, DES, FECHACREACION, FECHAMODIFICACION, USUARIOCREACION, USUARIOMODIFICACION, APTADESTAQUE, IDPADRE, IDTIPOCATEGORIA, NIVEL, TIPIFICADO, VISUALIZA, ADULTO, VISUALIZAHOME, ESTADOCATEGORIA) VALUES (20, N'DESARROLLADORES ', NULL, NULL, NULL, NULL, NULL, NULL, 9, NULL, 3, NULL, NULL, NULL, NULL, NULL)
INSERT CATEGORIA (IDCATEGORIA, TITULO, DES, FECHACREACION, FECHAMODIFICACION, USUARIOCREACION, USUARIOMODIFICACION, APTADESTAQUE, IDPADRE, IDTIPOCATEGORIA, NIVEL, TIPIFICADO, VISUALIZA, ADULTO, VISUALIZAHOME, ESTADOCATEGORIA) VALUES (21, N'CAMAS Y JAULAS', NULL, NULL, NULL, NULL, NULL, NULL, 10, NULL, 3, NULL, NULL, NULL, NULL, NULL)
INSERT CATEGORIA (IDCATEGORIA, TITULO, DES, FECHACREACION, FECHAMODIFICACION, USUARIOCREACION, USUARIOMODIFICACION, APTADESTAQUE, IDPADRE, IDTIPOCATEGORIA, NIVEL, TIPIFICADO, VISUALIZA, ADULTO, VISUALIZAHOME, ESTADOCATEGORIA) VALUES (22, N'CORREAS Y COLLARES', NULL, NULL, NULL, NULL, NULL, NULL, 10, NULL, 3, NULL, NULL, NULL, NULL, NULL)
INSERT CATEGORIA (IDCATEGORIA, TITULO, DES, FECHACREACION, FECHAMODIFICACION, USUARIOCREACION, USUARIOMODIFICACION, APTADESTAQUE, IDPADRE, IDTIPOCATEGORIA, NIVEL, TIPIFICADO, VISUALIZA, ADULTO, VISUALIZAHOME, ESTADOCATEGORIA) VALUES (23, N'JUGUETES PARA MASCOTAS', NULL, NULL, NULL, NULL, NULL, NULL, 10, NULL, 3, NULL, NULL, NULL, NULL, NULL)
INSERT CATEGORIA (IDCATEGORIA, TITULO, DES, FECHACREACION, FECHAMODIFICACION, USUARIOCREACION, USUARIOMODIFICACION, APTADESTAQUE, IDPADRE, IDTIPOCATEGORIA, NIVEL, TIPIFICADO, VISUALIZA, ADULTO, VISUALIZAHOME, ESTADOCATEGORIA) VALUES (24, N'ACUARIOS Y PESERAS', NULL, NULL, NULL, NULL, NULL, NULL, 11, NULL, 3, NULL, NULL, NULL, NULL, NULL)
INSERT CATEGORIA (IDCATEGORIA, TITULO, DES, FECHACREACION, FECHAMODIFICACION, USUARIOCREACION, USUARIOMODIFICACION, APTADESTAQUE, IDPADRE, IDTIPOCATEGORIA, NIVEL, TIPIFICADO, VISUALIZA, ADULTO, VISUALIZAHOME, ESTADOCATEGORIA) VALUES (25, N'ALIMENTOS', NULL, NULL, NULL, NULL, NULL, NULL, 11, NULL, 3, NULL, NULL, NULL, NULL, NULL)
INSERT CATEGORIA (IDCATEGORIA, TITULO, DES, FECHACREACION, FECHAMODIFICACION, USUARIOCREACION, USUARIOMODIFICACION, APTADESTAQUE, IDPADRE, IDTIPOCATEGORIA, NIVEL, TIPIFICADO, VISUALIZA, ADULTO, VISUALIZAHOME, ESTADOCATEGORIA) VALUES (26, N'BOMBAS Y TUBOS', NULL, NULL, NULL, NULL, NULL, NULL, 11, NULL, 3, NULL, NULL, NULL, NULL, NULL)
INSERT CATEGORIA (IDCATEGORIA, TITULO, DES, FECHACREACION, FECHAMODIFICACION, USUARIOCREACION, USUARIOMODIFICACION, APTADESTAQUE, IDPADRE, IDTIPOCATEGORIA, NIVEL, TIPIFICADO, VISUALIZA, ADULTO, VISUALIZAHOME, ESTADOCATEGORIA) VALUES (27, N'AVES', NULL, NULL, NULL, NULL, NULL, NULL, 12, NULL, 3, NULL, NULL, NULL, NULL, NULL)
INSERT CATEGORIA (IDCATEGORIA, TITULO, DES, FECHACREACION, FECHAMODIFICACION, USUARIOCREACION, USUARIOMODIFICACION, APTADESTAQUE, IDPADRE, IDTIPOCATEGORIA, NIVEL, TIPIFICADO, VISUALIZA, ADULTO, VISUALIZAHOME, ESTADOCATEGORIA) VALUES (28, N'GATOS', NULL, NULL, NULL, NULL, NULL, NULL, 12, NULL, 3, NULL, NULL, NULL, NULL, NULL)
INSERT CATEGORIA (IDCATEGORIA, TITULO, DES, FECHACREACION, FECHAMODIFICACION, USUARIOCREACION, USUARIOMODIFICACION, APTADESTAQUE, IDPADRE, IDTIPOCATEGORIA, NIVEL, TIPIFICADO, VISUALIZA, ADULTO, VISUALIZAHOME, ESTADOCATEGORIA) VALUES (29, N'PERROS', NULL, NULL, NULL, NULL, NULL, NULL, 12, NULL, 3, NULL, NULL, NULL, NULL, NULL)
INSERT CATEGORIA (IDCATEGORIA, TITULO, DES, FECHACREACION, FECHAMODIFICACION, USUARIOCREACION, USUARIOMODIFICACION, APTADESTAQUE, IDPADRE, IDTIPOCATEGORIA, NIVEL, TIPIFICADO, VISUALIZA, ADULTO, VISUALIZAHOME, ESTADOCATEGORIA) VALUES (30, N'EQUIPOS', NULL, NULL, NULL, NULL, NULL, NULL, 14, NULL, 4, NULL, NULL, NULL, NULL, NULL)
INSERT CATEGORIA (IDCATEGORIA, TITULO, DES, FECHACREACION, FECHAMODIFICACION, USUARIOCREACION, USUARIOMODIFICACION, APTADESTAQUE, IDPADRE, IDTIPOCATEGORIA, NIVEL, TIPIFICADO, VISUALIZA, ADULTO, VISUALIZAHOME, ESTADOCATEGORIA) VALUES (31, N'NEGOCIOS Y SERVICIOS', NULL, NULL, NULL, NULL, NULL, NULL, 14, NULL, 4, NULL, NULL, NULL, NULL, NULL)
INSERT DURACION (IDDURACION, DES, IDTIPOAVISO) VALUES (1, N'7', 1)
INSERT DURACION (IDDURACION, DES, IDTIPOAVISO) VALUES (2, N'14', 1)
INSERT DURACION (IDDURACION, DES, IDTIPOAVISO) VALUES (3, N'21', 1)
INSERT DURACION (IDDURACION, DES, IDTIPOAVISO) VALUES (4, N'5', 2)
INSERT DURACION (IDDURACION, DES, IDTIPOAVISO) VALUES (5, N'7', 2)
INSERT USUARIO (IDUSUARIO, APODO, EMAIL, NOMBRES, APELLIDOS, ESTADO, CONTADORAPERCIBIMIENTO, IDUBIGEO, IDTIPODOCUMENTO, NRODOCUMENTO, IDNOTIFICACION, ACEPTAPUBLICIDAD, VALIDADO, SUSPENDIDO, ACTIVO, FLAGCIERRE, FECHAREGISTRO, VALIDADOEMAIL, IDSESSION, CODIGOCONFIRMACION, TELEFONO1, TELEFONO2, ANEXOTELEFONO1) VALUES (6, N'JCARBAJAL', N'JUANCARBAJAL@GMAIL.COM', N'JUAN MIGUEL', N'CARBAJAL PAXI', N'CN', NULL, 2, NULL, NULL, NULL, NULL, NULL, NULL, NULL, NULL, CAST(0X00009D0100000000 AS DATETIME), NULL, NULL, 12, N'052-952713764', N'052-952713765', N'001')
INSERT USUARIO (IDUSUARIO, APODO, EMAIL, NOMBRES, APELLIDOS, ESTADO, CONTADORAPERCIBIMIENTO, IDUBIGEO, IDTIPODOCUMENTO, NRODOCUMENTO, IDNOTIFICACION, ACEPTAPUBLICIDAD, VALIDADO, SUSPENDIDO, ACTIVO, FLAGCIERRE, FECHAREGISTRO, VALIDADOEMAIL, IDSESSION, CODIGOCONFIRMACION, TELEFONO1, TELEFONO2, ANEXOTELEFONO1) VALUES (7, N'JPEREZ', N'JUANCARBAJAL@GMAIL.COM', N'JUAN', N'PEREZ', N'SA', NULL, 2, NULL, NULL, NULL, NULL, NULL, NULL, NULL, NULL, CAST(0X00009D0200000000 AS DATETIME), NULL, NULL, 12, N'052-952713764', N'001-', N'052')
INSERT USUARIO (IDUSUARIO, APODO, EMAIL, NOMBRES, APELLIDOS, ESTADO, CONTADORAPERCIBIMIENTO, IDUBIGEO, IDTIPODOCUMENTO, NRODOCUMENTO, IDNOTIFICACION, ACEPTAPUBLICIDAD, VALIDADO, SUSPENDIDO, ACTIVO, FLAGCIERRE, FECHAREGISTRO, VALIDADOEMAIL, IDSESSION, CODIGOCONFIRMACION, TELEFONO1, TELEFONO2, ANEXOTELEFONO1) VALUES (8, N'BLACKSTAR', N'BLOPEZ@3DEVNET.COM', N'JUAN', N'PEREZ', N'SA', NULL, 4, NULL, NULL, NULL, NULL, NULL, NULL, NULL, NULL, CAST(0X00009D0300000000 AS DATETIME), NULL, NULL, 12, N'01-754181254', N'-', N'')
INSERT USUARIO (IDUSUARIO, APODO, EMAIL, NOMBRES, APELLIDOS, ESTADO, CONTADORAPERCIBIMIENTO, IDUBIGEO, IDTIPODOCUMENTO, NRODOCUMENTO, IDNOTIFICACION, ACEPTAPUBLICIDAD, VALIDADO, SUSPENDIDO, ACTIVO, FLAGCIERRE, FECHAREGISTRO, VALIDADOEMAIL, IDSESSION, CODIGOCONFIRMACION, TELEFONO1, TELEFONO2, ANEXOTELEFONO1) VALUES (9, N'JCARBAJAL', N'JUANCARBAJAL@GMAIL.COM', N'JUAN MIGUEL', N'CARBAJAL PAXI', N'CN', NULL, 1, NULL, NULL, NULL, NULL, NULL, NULL, NULL, NULL, CAST(0X00009D0300000000 AS DATETIME), NULL, NULL, 12, N'051-952713764', N'052-952713764', N'1515')
INSERT USUARIO (IDUSUARIO, APODO, EMAIL, NOMBRES, APELLIDOS, ESTADO, CONTADORAPERCIBIMIENTO, IDUBIGEO, IDTIPODOCUMENTO, NRODOCUMENTO, IDNOTIFICACION, ACEPTAPUBLICIDAD, VALIDADO, SUSPENDIDO, ACTIVO, FLAGCIERRE, FECHAREGISTRO, VALIDADOEMAIL, IDSESSION, CODIGOCONFIRMACION, TELEFONO1, TELEFONO2, ANEXOTELEFONO1) VALUES (11, N'BLACKSTAR', N'BRADYLOPEZ@HOTMAIL.COM', N'BRADY', N'LOPEZ', N'SA', NULL, 2, NULL, NULL, NULL, NULL, NULL, NULL, NULL, NULL, CAST(0X00009D0300000000 AS DATETIME), NULL, NULL, 12, N'054-87845152', N'-', N'')
INSERT USUARIO (IDUSUARIO, APODO, EMAIL, NOMBRES, APELLIDOS, ESTADO, CONTADORAPERCIBIMIENTO, IDUBIGEO, IDTIPODOCUMENTO, NRODOCUMENTO, IDNOTIFICACION, ACEPTAPUBLICIDAD, VALIDADO, SUSPENDIDO, ACTIVO, FLAGCIERRE, FECHAREGISTRO, VALIDADOEMAIL, IDSESSION, CODIGOCONFIRMACION, TELEFONO1, TELEFONO2, ANEXOTELEFONO1) VALUES (12, N'JCARBAJAL', N'JUANCARBAJAL@GMAIL.COM', N'JUAN MIGUEL', N'CARBAJAL PAXI', N'CN', NULL, 2, NULL, NULL, NULL, NULL, NULL, NULL, NULL, NULL, CAST(0X00009D0300000000 AS DATETIME), NULL, NULL, 12, N'052-952713764', N'052-0555454545', N'053')
INSERT USUARIO (IDUSUARIO, APODO, EMAIL, NOMBRES, APELLIDOS, ESTADO, CONTADORAPERCIBIMIENTO, IDUBIGEO, IDTIPODOCUMENTO, NRODOCUMENTO, IDNOTIFICACION, ACEPTAPUBLICIDAD, VALIDADO, SUSPENDIDO, ACTIVO, FLAGCIERRE, FECHAREGISTRO, VALIDADOEMAIL, IDSESSION, CODIGOCONFIRMACION, TELEFONO1, TELEFONO2, ANEXOTELEFONO1) VALUES (1, NULL, NULL, NULL, NULL, N'SA', NULL, NULL, NULL, NULL, NULL, NULL, NULL, NULL, NULL, NULL, CAST(0X00009D0000000000 AS DATETIME), NULL, NULL, 12, N'-', N'-', NULL)
INSERT USUARIO (IDUSUARIO, APODO, EMAIL, NOMBRES, APELLIDOS, ESTADO, CONTADORAPERCIBIMIENTO, IDUBIGEO, IDTIPODOCUMENTO, NRODOCUMENTO, IDNOTIFICACION, ACEPTAPUBLICIDAD, VALIDADO, SUSPENDIDO, ACTIVO, FLAGCIERRE, FECHAREGISTRO, VALIDADOEMAIL, IDSESSION, CODIGOCONFIRMACION, TELEFONO1, TELEFONO2, ANEXOTELEFONO1) VALUES (2, N'JCARBAJAL', N'JUANCARBAJAL@GMAIL.COM', N'JUAN MIGUEL', N'CARBAJAL PAXI', N'CN', NULL, 1, NULL, NULL, NULL, NULL, NULL, NULL, NULL, NULL, CAST(0X00009D0000000000 AS DATETIME), NULL, NULL, 12, N'052-952713764', N'052-952713755', N'0022')
INSERT USUARIO (IDUSUARIO, APODO, EMAIL, NOMBRES, APELLIDOS, ESTADO, CONTADORAPERCIBIMIENTO, IDUBIGEO, IDTIPODOCUMENTO, NRODOCUMENTO, IDNOTIFICACION, ACEPTAPUBLICIDAD, VALIDADO, SUSPENDIDO, ACTIVO, FLAGCIERRE, FECHAREGISTRO, VALIDADOEMAIL, IDSESSION, CODIGOCONFIRMACION, TELEFONO1, TELEFONO2, ANEXOTELEFONO1) VALUES (3, N'JCARBAJAL', N'JUANCARBAJAL@GMAIL.COM', N'JUAN MIGUEL', N'CARBAJAL PAXI', N'CN', NULL, 2, NULL, NULL, NULL, NULL, NULL, NULL, NULL, NULL, CAST(0X00009D0000000000 AS DATETIME), NULL, NULL, 12, N'052-952713764', N'052-952714555', N'054')
INSERT USUARIO (IDUSUARIO, APODO, EMAIL, NOMBRES, APELLIDOS, ESTADO, CONTADORAPERCIBIMIENTO, IDUBIGEO, IDTIPODOCUMENTO, NRODOCUMENTO, IDNOTIFICACION, ACEPTAPUBLICIDAD, VALIDADO, SUSPENDIDO, ACTIVO, FLAGCIERRE, FECHAREGISTRO, VALIDADOEMAIL, IDSESSION, CODIGOCONFIRMACION, TELEFONO1, TELEFONO2, ANEXOTELEFONO1) VALUES (4, N'JCARBAJAL', N'JUANCARBAJAL@GMAIL.COM', N'JUAN MIGUEL', N'CARBAJAL PAXI', N'CN', NULL, 1, NULL, NULL, NULL, NULL, NULL, NULL, NULL, NULL, CAST(0X00009D0000000000 AS DATETIME), NULL, NULL, 12, N'052-952713764', N'952-952713764', N'001')
INSERT USUARIO (IDUSUARIO, APODO, EMAIL, NOMBRES, APELLIDOS, ESTADO, CONTADORAPERCIBIMIENTO, IDUBIGEO, IDTIPODOCUMENTO, NRODOCUMENTO, IDNOTIFICACION, ACEPTAPUBLICIDAD, VALIDADO, SUSPENDIDO, ACTIVO, FLAGCIERRE, FECHAREGISTRO, VALIDADOEMAIL, IDSESSION, CODIGOCONFIRMACION, TELEFONO1, TELEFONO2, ANEXOTELEFONO1) VALUES (5, N'JCARBAJAL', N'JUANCARBAJAL@GMAIL.COM', N'JUAN MIGUEL', N'CARBAJAL PAXI', N'CN', NULL, 1, NULL, NULL, NULL, NULL, NULL, NULL, NULL, NULL, CAST(0X00009D0000000000 AS DATETIME), NULL, NULL, 12, N'052-952713764', N'052-952713764', N'001')
INSERT USUARIO (IDUSUARIO, APODO, EMAIL, NOMBRES, APELLIDOS, ESTADO, CONTADORAPERCIBIMIENTO, IDUBIGEO, IDTIPODOCUMENTO, NRODOCUMENTO, IDNOTIFICACION, ACEPTAPUBLICIDAD, VALIDADO, SUSPENDIDO, ACTIVO, FLAGCIERRE, FECHAREGISTRO, VALIDADOEMAIL, IDSESSION, CODIGOCONFIRMACION, TELEFONO1, TELEFONO2, ANEXOTELEFONO1) VALUES (10, N'3DEVNET', N'BRADYLOPEZ@HOTMAIL.COM', N'BRADY', N'LOPEZ', N'SA', NULL, 2, NULL, NULL, NULL, NULL, NULL, NULL, NULL, NULL, CAST(0X00009D0300000000 AS DATETIME), NULL, NULL, 12, N'052-75481255', N'-', N'')
INSERT USUARIOPORTAL (IDUSUARIOPORTAL, IDUSUARIO, IDTIPOUSUARIO, PASSWORD, FECHAULTIMOINGRESO, IP) VALUES (6, 6, NULL, N'ANDRE', NULL, NULL)
INSERT USUARIOPORTAL (IDUSUARIOPORTAL, IDUSUARIO, IDTIPOUSUARIO, PASSWORD, FECHAULTIMOINGRESO, IP) VALUES (7, 7, NULL, N'12345', NULL, NULL)
INSERT USUARIOPORTAL (IDUSUARIOPORTAL, IDUSUARIO, IDTIPOUSUARIO, PASSWORD, FECHAULTIMOINGRESO, IP) VALUES (8, 8, NULL, N'12345', NULL, NULL)
INSERT USUARIOPORTAL (IDUSUARIOPORTAL, IDUSUARIO, IDTIPOUSUARIO, PASSWORD, FECHAULTIMOINGRESO, IP) VALUES (9, 9, NULL, N'ANDRE', NULL, NULL)
INSERT USUARIOPORTAL (IDUSUARIOPORTAL, IDUSUARIO, IDTIPOUSUARIO, PASSWORD, FECHAULTIMOINGRESO, IP) VALUES (11, 11, NULL, N'12345', NULL, NULL)
INSERT USUARIOPORTAL (IDUSUARIOPORTAL, IDUSUARIO, IDTIPOUSUARIO, PASSWORD, FECHAULTIMOINGRESO, IP) VALUES (12, 12, NULL, N'ANDRE', NULL, NULL)
INSERT USUARIOPORTAL (IDUSUARIOPORTAL, IDUSUARIO, IDTIPOUSUARIO, PASSWORD, FECHAULTIMOINGRESO, IP) VALUES (1, 1, NULL, NULL, NULL, NULL)
INSERT USUARIOPORTAL (IDUSUARIOPORTAL, IDUSUARIO, IDTIPOUSUARIO, PASSWORD, FECHAULTIMOINGRESO, IP) VALUES (2, 2, NULL, N'ANDRE', NULL, NULL)
INSERT USUARIOPORTAL (IDUSUARIOPORTAL, IDUSUARIO, IDTIPOUSUARIO, PASSWORD, FECHAULTIMOINGRESO, IP) VALUES (3, 3, NULL, N'ANDRE', NULL, NULL)
INSERT USUARIOPORTAL (IDUSUARIOPORTAL, IDUSUARIO, IDTIPOUSUARIO, PASSWORD, FECHAULTIMOINGRESO, IP) VALUES (4, 4, NULL, N'ANDRE', NULL, NULL)
INSERT USUARIOPORTAL (IDUSUARIOPORTAL, IDUSUARIO, IDTIPOUSUARIO, PASSWORD, FECHAULTIMOINGRESO, IP) VALUES (5, 5, NULL, N'ANDRE', NULL, NULL)
INSERT USUARIOPORTAL (IDUSUARIOPORTAL, IDUSUARIO, IDTIPOUSUARIO, PASSWORD, FECHAULTIMOINGRESO, IP) VALUES (10, 10, NULL, N'12345', NULL, NULL)
INSERT FOTO (IDAVISO, IDFOTO, NOMBRE, USUARIOMODIFICACION, USUARIOCREACION, FECHACREACION, FECHAMODIFICACION, URLBASE, PRIORIDAD) VALUES (11, 1, N'1263851184.JPG', N'01/18/2010 17:09:37', N'01/18/2010 17:09:37', CAST(0X00009D02011ACAEC AS DATETIME), CAST(0X00009D02011ACAEC AS DATETIME), N'/IMG/TEMIMG/', 1)
INSERT FOTO (IDAVISO, IDFOTO, NOMBRE, USUARIOMODIFICACION, USUARIOCREACION, FECHACREACION, FECHAMODIFICACION, URLBASE, PRIORIDAD) VALUES (11, 2, N'1263851189.JPG', N'01/18/2010 17:09:37', N'01/18/2010 17:09:37', CAST(0X00009D02011ACAEC AS DATETIME), CAST(0X00009D02011ACAEC AS DATETIME), N'/IMG/TEMIMG/', 2)
INSERT FOTO (IDAVISO, IDFOTO, NOMBRE, USUARIOMODIFICACION, USUARIOCREACION, FECHACREACION, FECHAMODIFICACION, URLBASE, PRIORIDAD) VALUES (13, 3, N'1263923326.JPG', N'01/19/2010 13:17:46', N'01/19/2010 13:17:46', CAST(0X00009D0300DB1CF8 AS DATETIME), CAST(0X00009D0300DB1CF8 AS DATETIME), N'/IMG/TEMIMG/', 1)
INSERT FOTO (IDAVISO, IDFOTO, NOMBRE, USUARIOMODIFICACION, USUARIOCREACION, FECHACREACION, FECHAMODIFICACION, URLBASE, PRIORIDAD) VALUES (13, 4, N'1263923333.JPG', N'01/19/2010 13:17:46', N'01/19/2010 13:17:46', CAST(0X00009D0300DB1CF8 AS DATETIME), CAST(0X00009D0300DB1CF8 AS DATETIME), N'/IMG/TEMIMG/', 2)
INSERT FOTO (IDAVISO, IDFOTO, NOMBRE, USUARIOMODIFICACION, USUARIOCREACION, FECHACREACION, FECHAMODIFICACION, URLBASE, PRIORIDAD) VALUES (13, 5, N'1263923349.JPG', N'01/19/2010 13:17:46', N'01/19/2010 13:17:46', CAST(0X00009D0300DB1CF8 AS DATETIME), CAST(0X00009D0300DB1CF8 AS DATETIME), N'/IMG/TEMIMG/', 3)
INSERT FOTO (IDAVISO, IDFOTO, NOMBRE, USUARIOMODIFICACION, USUARIOCREACION, FECHACREACION, FECHAMODIFICACION, URLBASE, PRIORIDAD) VALUES (14, 6, N'1263925152.JPG', N'01/19/2010 13:28:18', N'01/19/2010 13:28:18', CAST(0X00009D0300DE0198 AS DATETIME), CAST(0X00009D0300DE0198 AS DATETIME), N'/IMG/TEMIMG/', 1)
INSERT FOTO (IDAVISO, IDFOTO, NOMBRE, USUARIOMODIFICACION, USUARIOCREACION, FECHACREACION, FECHAMODIFICACION, URLBASE, PRIORIDAD) VALUES (15, 7, N'1263926005.JPG', N'01/19/2010 14:08:21', N'01/19/2010 14:08:21', CAST(0X00009D0300E9019C AS DATETIME), CAST(0X00009D0300E9019C AS DATETIME), N'/IMG/TEMIMG/', 1)
INSERT FOTO (IDAVISO, IDFOTO, NOMBRE, USUARIOMODIFICACION, USUARIOCREACION, FECHACREACION, FECHAMODIFICACION, URLBASE, PRIORIDAD) VALUES (16, 8, N'1263928830.JPG', N'01/19/2010 14:21:30', N'01/19/2010 14:21:30', CAST(0X00009D0300EC9E38 AS DATETIME), CAST(0X00009D0300EC9E38 AS DATETIME), N'/IMG/TEMIMG/', 1)
INSERT FOTO (IDAVISO, IDFOTO, NOMBRE, USUARIOMODIFICACION, USUARIOCREACION, FECHACREACION, FECHAMODIFICACION, URLBASE, PRIORIDAD) VALUES (16, 9, N'1263928837.JPG', N'01/19/2010 14:21:30', N'01/19/2010 14:21:30', CAST(0X00009D0300EC9E38 AS DATETIME), CAST(0X00009D0300EC9E38 AS DATETIME), N'/IMG/TEMIMG/', 2)

INSERT AVISODESTAQUE (IDAVISODESTAQUE, IDAVISO, IDDESTAQUE) VALUES (1, 1, 5)
INSERT AVISODESTAQUE (IDAVISODESTAQUE, IDAVISO, IDDESTAQUE) VALUES (2, 1, 2)
INSERT AVISODESTAQUE (IDAVISODESTAQUE, IDAVISO, IDDESTAQUE) VALUES (3, 2, 5)
INSERT AVISODESTAQUE (IDAVISODESTAQUE, IDAVISO, IDDESTAQUE) VALUES (4, 2, 2)
INSERT AVISODESTAQUE (IDAVISODESTAQUE, IDAVISO, IDDESTAQUE) VALUES (5, 3, 5)
INSERT AVISODESTAQUE (IDAVISODESTAQUE, IDAVISO, IDDESTAQUE) VALUES (6, 3, 2)
INSERT AVISODESTAQUE (IDAVISODESTAQUE, IDAVISO, IDDESTAQUE) VALUES (7, 4, 5)
INSERT AVISODESTAQUE (IDAVISODESTAQUE, IDAVISO, IDDESTAQUE) VALUES (8, 4, 1)
INSERT AVISODESTAQUE (IDAVISODESTAQUE, IDAVISO, IDDESTAQUE) VALUES (9, 5, 5)
INSERT AVISODESTAQUE (IDAVISODESTAQUE, IDAVISO, IDDESTAQUE) VALUES (10, 5, 1)
INSERT AVISODESTAQUE (IDAVISODESTAQUE, IDAVISO, IDDESTAQUE) VALUES (11, 6, 5)
INSERT AVISODESTAQUE (IDAVISODESTAQUE, IDAVISO, IDDESTAQUE) VALUES (12, 6, 2)
INSERT AVISODESTAQUE (IDAVISODESTAQUE, IDAVISO, IDDESTAQUE) VALUES (13, 7, 5)
INSERT AVISODESTAQUE (IDAVISODESTAQUE, IDAVISO, IDDESTAQUE) VALUES (14, 7, 2)
INSERT AVISODESTAQUE (IDAVISODESTAQUE, IDAVISO, IDDESTAQUE) VALUES (15, 8, 5)
INSERT AVISODESTAQUE (IDAVISODESTAQUE, IDAVISO, IDDESTAQUE) VALUES (16, 8, 2)
INSERT AVISODESTAQUE (IDAVISODESTAQUE, IDAVISO, IDDESTAQUE) VALUES (17, 9, 5)
INSERT AVISODESTAQUE (IDAVISODESTAQUE, IDAVISO, IDDESTAQUE) VALUES (18, 9, 2)
INSERT AVISODESTAQUE (IDAVISODESTAQUE, IDAVISO, IDDESTAQUE) VALUES (19, 10, 5)
INSERT AVISODESTAQUE (IDAVISODESTAQUE, IDAVISO, IDDESTAQUE) VALUES (20, 10, 2)
INSERT AVISODESTAQUE (IDAVISODESTAQUE, IDAVISO, IDDESTAQUE) VALUES (21, 11, 5)
INSERT AVISODESTAQUE (IDAVISODESTAQUE, IDAVISO, IDDESTAQUE) VALUES (22, 11, 2)
INSERT AVISODESTAQUE (IDAVISODESTAQUE, IDAVISO, IDDESTAQUE) VALUES (23, 12, 5)
INSERT AVISODESTAQUE (IDAVISODESTAQUE, IDAVISO, IDDESTAQUE) VALUES (24, 12, 1)
INSERT AVISODESTAQUE (IDAVISODESTAQUE, IDAVISO, IDDESTAQUE) VALUES (25, 13, 5)
INSERT AVISODESTAQUE (IDAVISODESTAQUE, IDAVISO, IDDESTAQUE) VALUES (26, 13, 3)
INSERT AVISODESTAQUE (IDAVISODESTAQUE, IDAVISO, IDDESTAQUE) VALUES (27, 14, 5)
INSERT AVISODESTAQUE (IDAVISODESTAQUE, IDAVISO, IDDESTAQUE) VALUES (28, 14, 2)
INSERT AVISODESTAQUE (IDAVISODESTAQUE, IDAVISO, IDDESTAQUE) VALUES (29, 16, 5)
INSERT AVISODESTAQUE (IDAVISODESTAQUE, IDAVISO, IDDESTAQUE) VALUES (30, 16, 1)


CREATE VIEW VALIDARUSUARIO
AS
SELECT     USUARIO.ID, USUARIO.APODO, USUARIO.EMAIL, USUARIO.NOMBRES, USUARIO.APELLIDOS, USUARIO.ESTADO, 
                      USUARIOPORTAL.PASSWORD
FROM         USUARIO INNER JOIN
                      USUARIOPORTAL ON USUARIO.IDUSUARIO = USUARIOPORTAL.IDUSUARIO;
